{"name":"CoreElement","version":"4.5","frameRate":24,"armature":[{"name":"bullet_01","bone":[{"name":"b","inheritScale":false,"transform":{"scX":0.1,"scY":0.3}}],"slot":[{"name":"b","parent":"b","color":{"aM":50}}],"skin":[{"slot":[{"name":"b","display":[{"name":"bullet_01_f/bullet_01","transform":{"x":-27}}]}]}],"animation":[{"name":"idle","duration":5,"bone":[{"name":"b","frame":[{"duration":4,"tweenEasing":1},{"tweenEasing":"NaN","transform":{"scX":17.9704,"scY":3.3333}}]}],"slot":[{"name":"b","frame":[{"duration":4,"tweenEasing":1,"color":{"aM":50}},{"tweenEasing":"NaN"}]}]}]},{"name":"fireEffect_01","bone":[{"name":"b","inheritScale":false,"transform":{"x":21,"scX":1.5417}}],"slot":[{"name":"b","parent":"b"}],"skin":[{"slot":[{"name":"b","display":[{"name":"_texture/fireEffect"}]}]}],"animation":[{"name":"idle","duration":2,"bone":[{"name":"b","frame":[{"duration":2,"tweenEasing":"NaN"}]}],"slot":[{"name":"b","frame":[{"tweenEasing":"NaN"},{"displayIndex":-1,"tweenEasing":"NaN"}]}]}]},{"name":"flame_01","bone":[{"name":"b1","inheritScale":false,"transform":{"y":85,"skX":-90,"skY":-90}},{"name":"b2","inheritScale":false,"transform":{"y":95}}],"slot":[{"name":"b1","parent":"b1"},{"name":"b2","parent":"b2","blendMode":"add","color":{"aM":70}}],"skin":[{"slot":[{"name":"b1","display":[{"name":"flame_01_f/ba_bu_flame1"}]},{"name":"b2","display":[{"name":"flame_01_f/bbb"}]}]}],"animation":[{"name":"idle","duration":2,"playTimes":0,"bone":[{"name":"b1","frame":[{"duration":2,"tweenEasing":"NaN"}]},{"name":"b2","frame":[{"tweenEasing":"NaN"},{"tweenEasing":"NaN","transform":{"y":-7.7,"scX":0.8835,"scY":0.9203}}]}],"slot":[{"name":"b1","frame":[{"duration":2,"tweenEasing":"NaN"}]},{"name":"b2","frame":[{"duration":2,"tweenEasing":"NaN","color":{"aM":70}}]}]}]},{"name":"mecha_1502b","bone":[{"name":"root","inheritScale":false,"length":1421.81,"transform":{"y":-123.15,"skX":128.6598,"skY":128.6598,"scX":0.0001,"scY":0.0001}},{"name":"weapon_l","parent":"shouder_l","inheritScale":false,"transform":{"x":5.6,"y":0.04,"skX":49.0088,"skY":49.008,"scX":0.998,"scY":0.9993}},{"name":"shouder_l","parent":"chest","inheritScale":false,"length":5.58,"transform":{"x":-2.41,"y":46.59,"skX":136.3325,"skY":136.339,"scX":0.9965,"scY":0.9969}},{"name":"foot_l","inheritScale":false,"transform":{"x":62.85,"y":-25.8,"skX":89.9982,"skY":89.9982,"scX":0.9955}},{"name":"thigh_1_l","parent":"thigh_l","inheritScale":false,"length":50.92,"transform":{"x":40.11,"y":-0.04,"skX":97.9614,"skY":97.9621,"scX":0.9894,"scY":0.9971}},{"name":"calf_l","parent":"thigh_1_l","inheritScale":false,"length":64.01,"transform":{"x":50.91,"y":0.01,"skX":-70.8583,"skY":-70.864,"scX":1.0149,"scY":0.9967}},{"name":"thigh_l","parent":"root","inheritScale":false,"length":40.08,"transform":{"x":-148227,"y":-19853.55,"skX":-106.6711,"skY":-106.6711,"scX":0.9995,"scY":0.9977}},{"name":"pelvis","parent":"root","inheritScale":false,"length":13.75,"transform":{"x":0.02,"y":0.01,"skX":141.3411,"skY":141.3411}},{"name":"effects_2","parent":"chest","inheritRotation":false,"inheritScale":false,"transform":{"x":-20.82,"y":-13.37,"skX":-6.7175,"skY":-6.7166,"scX":0.5654,"scY":0.4073}},{"name":"chest","parent":"pelvis","inheritScale":false,"length":5.9,"transform":{"x":13.75,"skX":-95.3489,"skY":-95.3487,"scY":0.9999}},{"name":"effects_1","parent":"chest","inheritRotation":false,"inheritScale":false,"transform":{"x":11.65,"y":3.13,"skX":54.4678,"skY":54.4678,"scX":0.6515,"scY":0.5095}},{"name":"foot_r","inheritScale":false,"transform":{"x":-43.8,"y":-4,"skX":89.9982,"skY":89.9982,"scX":0.9955}},{"name":"thigh_1_r","parent":"thigh_r","inheritScale":false,"length":53.26,"transform":{"x":41.52,"y":-0.01,"skX":105.4235,"skY":105.423,"scX":0.9984,"scY":0.9995}},{"name":"calf_r","parent":"thigh_1_r","inheritScale":false,"length":66.69,"transform":{"x":53.26,"y":-0.02,"skX":-88.4874,"skY":-88.4933,"scX":0.9852,"scY":0.9996}},{"name":"thigh_r","parent":"root","inheritScale":false,"length":41.52,"transform":{"x":152563.97,"y":20528.2,"skX":-58.7789,"skY":-58.7744,"scX":0.9876,"scY":0.9979}},{"name":"shouder_r","parent":"chest","inheritScale":false,"length":6.01,"transform":{"x":13.74,"y":31.28,"skX":-43.3823,"skY":-43.3757,"scX":0.9965,"scY":0.9969}},{"name":"weapon_r","parent":"shouder_r","inheritScale":false,"transform":{"x":5.98,"skX":-131.2765,"skY":-131.2765,"scX":0.9982,"scY":0.9994}}],"ik":[{"name":"calf_l","bone":"calf_l","target":"foot_l","bendPositive":false,"chain":1},{"name":"calf_r","bone":"calf_r","target":"foot_r","bendPositive":false,"chain":1}],"slot":[{"name":"root","parent":"root"},{"name":"weapon_l","parent":"weapon_l"},{"name":"shouder_l","parent":"shouder_l"},{"name":"foot_l","parent":"foot_l"},{"name":"thigh_1_l","parent":"thigh_1_l"},{"name":"calf_l","parent":"calf_l"},{"name":"thigh_l","parent":"thigh_l"},{"name":"pelvis","parent":"pelvis"},{"name":"effects_2","parent":"effects_2","displayIndex":-1,"color":{"aM":0}},{"name":"chest","parent":"chest"},{"name":"effects_1","parent":"effects_1","displayIndex":-1,"color":{"aM":0}},{"name":"foot_r","parent":"foot_r"},{"name":"thigh_1_r","parent":"thigh_1_r"},{"name":"calf_r","parent":"calf_r"},{"name":"thigh_r","parent":"thigh_r"},{"name":"shouder_r","parent":"shouder_r"},{"name":"weapon_r","parent":"weapon_r"}],"skin":[{"slot":[{"name":"root","display":[{"name":"mecha_1502b_folder/root","transform":{"skX":-129.8056,"skY":-129.8056}}]},{"name":"weapon_l","display":[{"name":"weapon_1502b_l","type":"armature"}]},{"name":"shouder_l","display":[{"name":"mecha_1502b_folder/textures/shouder_l_0","transform":{"x":-2.8,"y":1.8,"skX":-6.6569,"skY":-6.6569}}]},{"name":"foot_l","display":[{"name":"mecha_1502b_folder/textures/foot_l_0","transform":{"x":6.5}}]},{"name":"thigh_1_l","display":[{"name":"mecha_1502b_folder/textures/thigh_1_l_0","transform":{"x":23,"y":-2.95,"skX":0.1119,"skY":0.1128}}]},{"name":"calf_l","display":[{"name":"mecha_1502b_folder/calf_l","transform":{"x":15,"y":0.95,"skX":-0.1967,"skY":-0.1976}}]},{"name":"thigh_l","display":[{"name":"mecha_1502b_folder/thigh_l","transform":{"x":13.45,"y":-5.55,"skX":0.0463,"skY":0.0455}}]},{"name":"pelvis","display":[{"name":"mecha_1502b_folder/pelvis","transform":{"x":3.5,"y":7.5}}]},{"name":"effects_2","display":[{"name":"flame_01","type":"armature","transform":{"skX":-0.0009}}]},{"name":"chest","display":[{"name":"mecha_1502b_folder/chest","transform":{"x":-19.7,"y":27.75,"skX":95.3487,"skY":95.3487}}]},{"name":"effects_1","display":[{"name":"flame_01","type":"armature","transform":{"skX":-0.0009}}]},{"name":"foot_r","display":[{"name":"mecha_1502b_folder/foot_r","transform":{"x":7.45,"y":0.5}}]},{"name":"thigh_1_r","display":[{"name":"mecha_1502b_folder/textures/thigh_1_r_1","transform":{"x":21.55,"y":-1.9,"skX":0.438,"skY":0.438}}]},{"name":"calf_r","display":[{"name":"mecha_1502b_folder/calf_r","transform":{"x":16.95,"y":2.05,"skX":0.1784,"skY":0.1784}}]},{"name":"thigh_r","display":[{"name":"mecha_1502b_folder/thigh_r","transform":{"x":12.45,"y":-11.55,"skX":-0.1635,"skY":-0.1626}}]},{"name":"shouder_r","display":[{"name":"mecha_1502b_folder/textures/shouder_r_1","transform":{"x":3.45,"y":-0.95,"skX":-6.9429,"skY":-6.9422}}]},{"name":"weapon_r","display":[{"name":"weapon_1502b_r","type":"armature"}]}]}],"animation":[{"name":"idle","scale":0.5,"duration":61,"fadeInTime":0.2,"playTimes":0,"bone":[{"name":"root","frame":[{"duration":30,"tweenEasing":0},{"duration":30,"tweenEasing":0,"transform":{"y":-4}},{"tweenEasing":"NaN"}]},{"name":"weapon_l","frame":[{"duration":30,"tweenEasing":0},{"duration":30,"tweenEasing":0,"transform":{"x":-0.01,"y":-0.04,"skY":0.0009,"scX":1.0004,"scY":1.0001}},{"tweenEasing":"NaN"}]},{"name":"shouder_l","frame":[{"duration":30,"tweenEasing":0},{"duration":30,"tweenEasing":0,"transform":{"x":-0.46,"y":-0.61,"skX":3.5176,"skY":3.5176}},{"tweenEasing":"NaN"}]},{"name":"foot_l","frame":[{"duration":30,"tweenEasing":0},{"duration":31,"tweenEasing":"NaN"}]},{"name":"thigh_1_l","frame":[{"duration":61,"tweenEasing":"NaN"}]},{"name":"calf_l","frame":[{"duration":61,"tweenEasing":"NaN"}]},{"name":"thigh_l","frame":[{"duration":30,"tweenEasing":0},{"duration":30,"tweenEasing":0,"transform":{"x":481.84,"y":-289.13,"skX":3.2612,"skY":3.2619,"scX":1.0008,"scY":0.9998}},{"tweenEasing":"NaN"}]},{"name":"pelvis","frame":[{"duration":30,"tweenEasing":0},{"duration":30,"tweenEasing":0,"transform":{"x":-0.04}},{"tweenEasing":"NaN"}]},{"name":"chest","frame":[{"duration":30,"tweenEasing":0},{"duration":30,"tweenEasing":0,"transform":{"skX":-3.4867,"skY":-3.5176,"scX":0.9996,"scY":1.0027}},{"tweenEasing":"NaN"}]},{"name":"foot_r","frame":[{"duration":30,"tweenEasing":0},{"duration":31,"tweenEasing":"NaN"}]},{"name":"thigh_1_r","frame":[{"duration":61,"tweenEasing":"NaN"}]},{"name":"calf_r","frame":[{"duration":61,"tweenEasing":"NaN"}]},{"name":"thigh_r","frame":[{"duration":30,"tweenEasing":0},{"duration":30,"tweenEasing":0,"transform":{"x":-481.92,"y":289.13,"skX":2.2559,"skY":2.2558,"scX":0.9985,"scY":1.0002}},{"tweenEasing":"NaN"}]},{"name":"shouder_r","frame":[{"duration":30,"tweenEasing":0},{"duration":30,"tweenEasing":0,"transform":{"x":0.49,"y":0.55,"skX":3.5176,"skY":3.5176}},{"tweenEasing":"NaN"}]},{"name":"weapon_r","frame":[{"duration":30,"tweenEasing":0},{"duration":30,"tweenEasing":0,"transform":{"x":0.01,"y":0.06,"skY":-0.0009,"scX":1.0002,"scY":1.0001}},{"tweenEasing":"NaN"}]}],"slot":[{"name":"root","frame":[{"duration":61,"tweenEasing":"NaN"}]},{"name":"weapon_l","frame":[{"duration":61,"tweenEasing":"NaN"}]},{"name":"shouder_l","frame":[{"duration":61,"tweenEasing":"NaN"}]},{"name":"foot_l","frame":[{"duration":61,"tweenEasing":"NaN"}]},{"name":"thigh_1_l","frame":[{"duration":61,"tweenEasing":"NaN"}]},{"name":"calf_l","frame":[{"duration":61,"tweenEasing":"NaN"}]},{"name":"thigh_l","frame":[{"duration":61,"tweenEasing":"NaN"}]},{"name":"pelvis","frame":[{"duration":61,"tweenEasing":"NaN"}]},{"name":"chest","frame":[{"duration":61,"tweenEasing":"NaN"}]},{"name":"foot_r","frame":[{"duration":61,"tweenEasing":"NaN"}]},{"name":"thigh_1_r","frame":[{"duration":61,"tweenEasing":"NaN"}]},{"name":"calf_r","frame":[{"duration":61,"tweenEasing":"NaN"}]},{"name":"thigh_r","frame":[{"duration":61,"tweenEasing":"NaN"}]},{"name":"shouder_r","frame":[{"duration":61,"tweenEasing":"NaN"}]},{"name":"weapon_r","frame":[{"duration":61,"tweenEasing":"NaN"}]},{"name":"effects_2","frame":[{"displayIndex":-1,"tweenEasing":"NaN"}]},{"name":"effects_1","frame":[{"displayIndex":-1,"tweenEasing":"NaN"}]}]},{"name":"walk","duration":31,"fadeInTime":0.2,"playTimes":0,"bone":[{"name":"root","frame":[{"duration":4,"tweenEasing":0,"transform":{"x":-10.5,"y":-11.35}},{"duration":3,"tweenEasing":0,"transform":{"x":-9.3,"y":-6.75}},{"duration":8,"tweenEasing":0,"transform":{"x":-8.75,"y":-16.4}},{"duration":4,"tweenEasing":0,"transform":{"x":-10.5,"y":-11.35}},{"duration":3,"tweenEasing":0,"transform":{"x":-12.45,"y":-2.3}},{"duration":8,"tweenEasing":0,"transform":{"x":-12.45,"y":-9.95}},{"tweenEasing":"NaN","transform":{"x":-10.5,"y":-11.35}}]},{"name":"weapon_l","frame":[{"duration":4,"tweenEasing":0,"transform":{"x":0.32,"y":0.21,"skX":-13.2798,"skY":-13.279}},{"duration":3,"tweenEasing":0,"transform":{"x":0.25,"y":0.2,"skX":-12.4984,"skY":-12.4984,"scX":0.9998,"scY":0.9999}},{"duration":8,"tweenEasing":0,"transform":{"x":0.14,"y":0.28,"skX":-12.29,"skY":-12.2892,"scX":0.9997,"scY":0.9999}},{"duration":4,"tweenEasing":0,"transform":{"x":0.33,"y":0.21,"skX":-16.0776,"skY":-16.0767,"scX":0.9996,"scY":0.9998}},{"duration":3,"tweenEasing":0,"transform":{"x":0.52,"y":0.14,"skX":-15.1996,"skY":-15.1996,"scX":0.9997,"scY":0.9999}},{"duration":8,"tweenEasing":0,"transform":{"x":0.87,"y":0.15,"skX":-13.4429,"skY":-13.442,"scX":0.9999,"scY":0.9999}},{"tweenEasing":"NaN","transform":{"x":0.32,"y":0.21,"skX":-13.2798,"skY":-13.279}}]},{"name":"shouder_l","frame":[{"duration":4,"tweenEasing":0,"transform":{"x":-1.93,"y":-0.49,"skX":11.6982,"skY":10.0384,"scX":1.1315,"scY":1.0017}},{"duration":3,"tweenEasing":0,"transform":{"x":-0.43,"y":-1.58,"skX":9.3988,"skY":9.2902,"scX":1.0079,"scY":0.9999}},{"duration":8,"tweenEasing":0,"transform":{"x":0.46,"y":-2.37,"skX":8.1528,"skY":9.1018,"scX":0.9313,"scY":0.9988}},{"duration":4,"tweenEasing":0,"transform":{"x":-1.3,"y":-1.99,"skX":13.6189,"skY":13.1293,"scX":1.037,"scY":1.0004}},{"duration":3,"tweenEasing":0,"transform":{"x":-3.33,"y":-0.1,"skX":14.9031,"skY":12.4457,"scX":1.2006,"scY":1.0028}},{"duration":8,"tweenEasing":0,"transform":{"x":-3.69,"y":1.08,"skX":13.1082,"skY":10.6515,"scX":1.2005,"scY":1.0028}},{"tweenEasing":"NaN","transform":{"x":-1.93,"y":-0.49,"skX":11.6982,"skY":10.0384,"scX":1.1315,"scY":1.0017}}]},{"name":"foot_l","frame":[{"duration":2,"tweenEasing":0,"transform":{"x":16.75,"y":-0.3,"scX":0.999}},{"duration":2,"tweenEasing":0,"transform":{"x":12.15,"y":-0.3,"scX":0.9981}},{"duration":3,"tweenEasing":0,"transform":{"x":-7.15,"y":-1.15,"scX":0.9994}},{"duration":4,"tweenEasing":0,"transform":{"x":-39.35,"y":-2.5,"scX":1.0021}},{"duration":3,"tweenEasing":0,"transform":{"x":-81.1,"y":-5.1,"skX":1.0018,"skY":1.0018,"scX":1.0028,"scY":0.9999}},{"tweenEasing":0,"transform":{"x":-102.2,"y":-10.25,"skX":8.0065,"skY":8.0073,"scX":0.9898,"scY":0.9991}},{"duration":2,"tweenEasing":0,"transform":{"x":-108.3,"y":-13.45,"skX":14.0174,"skY":14.0174,"scX":1.0146,"scY":0.9985}},{"duration":2,"tweenEasing":0,"transform":{"x":-111.6,"y":-20.4,"skX":28.3082,"skY":28.3075,"scX":0.9856,"scY":0.9973}},{"tweenEasing":0,"transform":{"x":-86.3,"y":-29.65,"skX":37.8443,"skY":37.847,"scX":0.9987,"scY":0.9968}},{"duration":2,"tweenEasing":0,"transform":{"x":-71.8,"y":-33.25,"skX":38.3489,"skY":38.3494,"scX":1.0058,"scY":0.9968}},{"tweenEasing":0,"transform":{"x":-49.45,"y":-35.1,"skX":26.0511,"skY":26.0511,"scX":1.004,"scY":0.9974}},{"duration":6,"tweenEasing":0,"transform":{"x":-39.6,"y":-33.55,"skX":18.2766,"skY":18.2774,"scX":1.0066,"scY":0.998}},{"tweenEasing":0,"transform":{"x":14.05,"y":-12.45,"skX":-15.7668,"skY":-15.7676,"scX":1.0049,"scY":0.9982}},{"tweenEasing":"NaN","transform":{"x":16.75,"y":-0.3,"scX":0.999},"event":"onStep"}]},{"name":"thigh_1_l","frame":[{"duration":31,"tweenEasing":"NaN","transform":{"x":-0.01,"y":0.27,"skX":-32.0704,"skY":-32.0713,"scX":1.0127,"scY":1.0028}}]},{"name":"calf_l","frame":[{"duration":31,"tweenEasing":"NaN","transform":{"x":-0.1,"y":0.2,"skX":34.0765,"skY":34.082,"scX":0.9871,"scY":1.0001}}]},{"name":"thigh_l","frame":[{"duration":2,"tweenEasing":0,"transform":{"x":-31900.63,"y":-64090.38,"skX":1.7556,"skY":1.7583,"scX":1.0008,"scY":0.9999}},{"duration":2,"tweenEasing":0,"transform":{"x":36237.57,"y":-76137.43,"skX":8.7821,"skY":8.7805,"scX":0.9991,"scY":0.9994}},{"duration":3,"tweenEasing":0,"transform":{"x":-22648.47,"y":-9348.53,"skX":15.0552,"skY":15.0559,"scX":0.9974,"scY":0.9992}},{"duration":4,"tweenEasing":0,"transform":{"x":-3565.95,"y":25732.53,"skX":28.8664,"skY":28.8666,"scX":0.9897,"scY":0.9991}},{"duration":3,"tweenEasing":0,"transform":{"x":-64957.76,"y":115651.78,"skX":47.6881,"skY":47.6814,"scX":0.9656,"scY":1.0002}},{"tweenEasing":0,"transform":{"x":7228.18,"y":67752.63,"skX":56.4569,"skY":56.4521,"scX":0.9566,"scY":1.001}},{"duration":2,"tweenEasing":0,"transform":{"x":40285.35,"y":38743.32,"skX":54.9538,"skY":54.9501,"scX":0.9602,"scY":1.0009}},{"duration":2,"tweenEasing":0,"transform":{"x":100906.15,"y":-15323.84,"skX":48.189,"skY":48.1838,"scX":0.9672,"scY":1.0002}},{"tweenEasing":0,"transform":{"x":41634.57,"y":578.27,"skX":39.9103,"skY":39.9075,"scX":0.9635,"scY":0.9996}},{"duration":2,"tweenEasing":0,"transform":{"x":47320.78,"y":-10697.77,"skX":32.1298,"skY":32.1271,"scX":0.971,"scY":0.9992}},{"tweenEasing":0,"transform":{"x":34213.63,"y":-27081.77,"skX":12.5454,"skY":12.5447,"scX":0.993,"scY":0.9993}},{"duration":6,"tweenEasing":0,"transform":{"x":-1542.08,"y":-16769.51,"skX":5.0166,"skY":5.0169,"scX":0.9989,"scY":0.9996}},{"tweenEasing":0,"transform":{"x":-73535.27,"y":-31900.63,"skX":-4.2618,"skY":-4.2608,"scX":1.0018,"scY":1.0004}},{"tweenEasing":"NaN","transform":{"x":-31900.63,"y":-64090.38,"skX":1.7556,"skY":1.7583,"scX":1.0008,"scY":0.9999}}]},{"name":"pelvis","frame":[{"duration":4,"tweenEasing":0,"transform":{"x":-0.02,"y":-0.02,"skX":8.7547,"skY":8.7549,"scX":0.9864,"scY":0.999}},{"duration":3,"tweenEasing":0,"transform":{"y":-0.01,"skX":8.5031,"skY":8.5048,"scX":0.9816,"scY":0.999}},{"duration":8,"tweenEasing":0,"transform":{"x":-0.02,"y":0.01,"skX":8.7549,"skY":8.7555,"scX":0.984,"scY":0.999}},{"duration":4,"tweenEasing":0,"transform":{"x":-0.02,"y":-0.02,"skX":9.0056,"skY":9.0057,"scX":1.0044,"scY":0.999}},{"duration":3,"tweenEasing":0,"transform":{"x":-0.06,"y":0.01,"skX":9.2556,"skY":9.2542,"scX":1.0118,"scY":0.999}},{"duration":8,"tweenEasing":0,"transform":{"x":-0.02,"y":0.02,"skX":9.5045,"skY":9.5052,"scX":1.0123,"scY":0.9989}},{"tweenEasing":"NaN","transform":{"x":-0.02,"y":-0.02,"skX":8.7547,"skY":8.7549,"scX":0.9864,"scY":0.999}}]},{"name":"chest","frame":[{"duration":4,"tweenEasing":0,"transform":{"x":-0.09,"y":-0.18,"skX":-5.5,"skY":-5.5135,"scX":0.9997,"scY":1.001}},{"duration":3,"tweenEasing":0,"transform":{"x":0.14,"y":0.05,"skX":-5.2163,"skY":-5.2966,"scX":0.9997,"scY":1.0072}},{"duration":8,"tweenEasing":0,"transform":{"x":0.3,"y":0.03,"skX":-5.4472,"skY":-5.5673,"scX":0.9998,"scY":1.0109}},{"duration":4,"tweenEasing":0,"transform":{"x":0.12,"y":0.01,"skX":-5.9558,"skY":-6.0573,"scX":0.9997,"scY":1.0092}},{"duration":3,"tweenEasing":0,"transform":{"x":-0.1,"y":-0.12,"skX":-6.5087,"skY":-6.5003,"scX":0.9997,"scY":0.9991}},{"duration":8,"tweenEasing":0,"transform":{"x":-0.27,"y":-0.25,"skX":-6.7986,"skY":-6.7138,"scX":0.9996,"scY":0.992}},{"tweenEasing":"NaN","transform":{"x":-0.09,"y":-0.18,"skX":-5.5,"skY":-5.5135,"scX":0.9997,"scY":1.001}}]},{"name":"foot_r","frame":[{"duration":2,"tweenEasing":0,"transform":{"x":-16.75,"y":-0.4,"skX":7.0054,"skY":7.0071,"scX":0.9748,"scY":0.9992}},{"duration":2,"tweenEasing":0,"transform":{"x":-20.95,"y":-17.5,"skX":28.5597,"skY":28.5583,"scX":1.0043,"scY":0.9972}},{"tweenEasing":0,"transform":{"x":2.05,"y":-24.25,"skX":21.5371,"skY":21.5363,"scX":1.0169,"scY":0.9977}},{"duration":2,"tweenEasing":0,"transform":{"x":15.95,"y":-26.2,"skX":16.5221,"skY":16.5229,"scX":1.0189,"scY":0.9982}},{"tweenEasing":0,"transform":{"x":43.9,"y":-30.85,"skX":11.2628,"skY":11.2628,"scX":1.0148,"scY":0.9987}},{"duration":5,"tweenEasing":0,"transform":{"x":56,"y":-30.5,"skX":8.2592,"skY":8.2575,"scX":1.0131,"scY":0.9991}},{"tweenEasing":0,"transform":{"x":101.45,"y":-6.25,"skX":-15.0159,"skY":-15.0143,"scX":1.017,"scY":0.9984}},{"tweenEasing":0,"transform":{"x":102.6,"y":7.85,"skX":-1.25,"skY":-1.2509,"scX":1.0029,"scY":0.9998}},{"tweenEasing":0,"transform":{"x":102.95,"y":9.05,"skX":0.2518,"skY":0.2527,"scX":1.0002},"event":"onStep"},{"duration":3,"tweenEasing":0,"transform":{"x":99.65,"y":7.75,"scX":1.0003}},{"duration":3,"tweenEasing":0,"transform":{"x":76.2,"y":7.05,"skX":0.0035,"skY":0.0035,"scX":0.9988}},{"duration":5,"tweenEasing":0,"transform":{"x":50.75,"y":6.35,"scX":0.9979}},{"duration":3,"tweenEasing":0,"transform":{"x":7.9,"y":4.35,"skX":0.7527,"skY":0.7518,"scX":0.9933,"scY":0.9999}},{"tweenEasing":"NaN","transform":{"x":-16.75,"y":-0.4,"skX":7.0054,"skY":7.0071,"scX":0.9748,"scY":0.9992}}]},{"name":"thigh_1_r","frame":[{"duration":31,"tweenEasing":"NaN","transform":{"x":-0.09,"y":-0.07,"skX":-34.2976,"skY":-34.2925,"scX":1.008,"scY":0.9988}}]},{"name":"calf_r","frame":[{"duration":31,"tweenEasing":"NaN","transform":{"x":-0.63,"y":-0.08,"skX":-1.5094,"skY":-1.5011,"scX":1.0201,"scY":0.9986}}]},{"name":"thigh_r","frame":[{"duration":2,"tweenEasing":0,"transform":{"x":33828.12,"y":66210.61,"skX":23.2823,"skY":23.2807,"scX":1.0012,"scY":1.0018}},{"duration":2,"tweenEasing":0,"transform":{"x":95219.97,"y":-771.03,"skX":12.2765,"skY":12.2735,"scX":1.0078,"scY":1.0012}},{"tweenEasing":0,"transform":{"x":23708.61,"y":10023.15,"skX":5.5145,"skY":5.5127,"scX":1.0083,"scY":1.0005}},{"duration":2,"tweenEasing":0,"transform":{"x":19275.31,"y":-5011.58,"skX":-1.0013,"skY":-1.0056,"scX":1.0099,"scY":0.9998}},{"tweenEasing":0,"transform":{"x":3951.42,"y":-27274.53,"skX":-15.3018,"skY":-15.3079,"scX":1.0115,"scY":0.999}},{"duration":5,"tweenEasing":0,"transform":{"x":-40670.85,"y":-17540.56,"skX":-21.8297,"skY":-21.8354,"scX":1.0114,"scY":0.9988}},{"tweenEasing":0,"transform":{"x":-120663.34,"y":-12143.42,"skX":-32.626,"skY":-32.632,"scX":1.0082,"scY":0.999}},{"tweenEasing":0,"transform":{"x":-81920.06,"y":-26214.43,"skX":-20.5755,"skY":-20.5791,"scX":1.0115,"scY":0.9988}},{"tweenEasing":0,"transform":{"x":-41634.66,"y":-39899.88,"skX":-15.0502,"skY":-15.0562,"scX":1.0109,"scY":0.999}},{"duration":3,"tweenEasing":0,"transform":{"x":1927.51,"y":-56862.16,"skX":-20.0717,"skY":-20.0779,"scX":1.0114,"scY":0.9989}},{"duration":3,"tweenEasing":0,"transform":{"x":-42887.59,"y":-481.87,"skX":-19.0685,"skY":-19.0725,"scX":1.0093,"scY":0.9989}},{"duration":5,"tweenEasing":0,"transform":{"x":-35370.18,"y":28431.07,"skX":-5.767,"skY":-5.77,"scX":1.0024,"scY":0.9995}},{"duration":3,"tweenEasing":0,"transform":{"x":-83751.16,"y":117097.42,"skX":15.5262,"skY":15.5271,"scX":0.9958,"scY":1.0016}},{"tweenEasing":"NaN","transform":{"x":33828.12,"y":66210.61,"skX":23.2823,"skY":23.2807,"scX":1.0012,"scY":1.0018}}]},{"name":"shouder_r","frame":[{"duration":4,"tweenEasing":0,"transform":{"x":1.86,"y":0.66,"skX":9.4644,"skY":9.6617,"scX":0.9857,"scY":0.9996}},{"duration":3,"tweenEasing":0,"transform":{"x":0.3,"y":1.24,"skX":6.8557,"skY":8.4041,"scX":0.8951,"scY":0.9983}},{"duration":8,"tweenEasing":0,"transform":{"x":-0.57,"y":1.82,"skX":5.8718,"skY":7.4208,"scX":0.8951,"scY":0.9983}},{"duration":4,"tweenEasing":0,"transform":{"x":1.19,"y":1.85,"skX":11.6349,"skY":13.1834,"scX":0.8952,"scY":0.9984}},{"duration":3,"tweenEasing":0,"transform":{"x":3.01,"y":0.6,"skX":13.0119,"skY":12.1388,"scX":1.0644,"scY":1.0008}},{"duration":8,"tweenEasing":0,"transform":{"x":3.6,"y":-0.16,"skX":11.7217,"skY":9.922,"scX":1.1373,"scY":1.0019}},{"tweenEasing":"NaN","transform":{"x":1.86,"y":0.66,"skX":9.4644,"skY":9.6617,"scX":0.9857,"scY":0.9996}}]},{"name":"weapon_r","frame":[{"duration":4,"tweenEasing":0,"transform":{"x":0.2,"y":0.27,"skX":-12.9031,"skY":-12.9031,"scX":0.9997,"scY":0.9999}},{"duration":3,"tweenEasing":0,"transform":{"x":-0.16,"y":0.3,"skX":-11.6123,"skY":-11.6123,"scX":0.9996,"scY":0.9998}},{"duration":8,"tweenEasing":0,"transform":{"x":-0.9,"y":0.42,"skX":-10.609,"skY":-10.6081,"scX":0.9995,"scY":0.9998}},{"duration":4,"tweenEasing":0,"transform":{"x":0.14,"y":0.35,"skX":-16.1317,"skY":-16.1317,"scX":0.9993,"scY":0.9998}},{"duration":3,"tweenEasing":0,"transform":{"x":0.41,"y":0.17,"skX":-14.8927,"skY":-14.8927,"scX":0.9995,"scY":0.9998}},{"duration":8,"tweenEasing":0,"transform":{"x":0.41,"y":0.19,"skX":-12.7133,"skY":-12.7133,"scX":0.9996,"scY":0.9999}},{"tweenEasing":"NaN","transform":{"x":0.2,"y":0.27,"skX":-12.9031,"skY":-12.9031,"scX":0.9997,"scY":0.9999}}]}],"slot":[{"name":"root","frame":[{"duration":31,"tweenEasing":"NaN"}]},{"name":"weapon_l","frame":[{"duration":31,"tweenEasing":"NaN"}]},{"name":"shouder_l","frame":[{"duration":31,"tweenEasing":"NaN"}]},{"name":"foot_l","frame":[{"duration":31,"tweenEasing":"NaN"}]},{"name":"thigh_1_l","frame":[{"duration":31,"tweenEasing":"NaN"}]},{"name":"calf_l","frame":[{"duration":31,"tweenEasing":"NaN"}]},{"name":"thigh_l","frame":[{"duration":31,"tweenEasing":"NaN"}]},{"name":"pelvis","frame":[{"duration":31,"tweenEasing":"NaN"}]},{"name":"chest","frame":[{"duration":31,"tweenEasing":"NaN"}]},{"name":"foot_r","frame":[{"duration":31,"tweenEasing":"NaN"}]},{"name":"thigh_1_r","frame":[{"duration":31,"tweenEasing":"NaN"}]},{"name":"calf_r","frame":[{"duration":31,"tweenEasing":"NaN"}]},{"name":"thigh_r","frame":[{"duration":31,"tweenEasing":"NaN"}]},{"name":"shouder_r","frame":[{"duration":31,"tweenEasing":"NaN"}]},{"name":"weapon_r","frame":[{"duration":31,"tweenEasing":"NaN"}]},{"name":"effects_2","frame":[{"displayIndex":-1,"tweenEasing":"NaN"}]},{"name":"effects_1","frame":[{"displayIndex":-1,"tweenEasing":"NaN"}]}]},{"name":"attack_01","duration":3,"fadeInTime":0.2,"playTimes":5,"bone":[{"name":"root","frame":[{"duration":2,"tweenEasing":0,"transform":{"x":-6.6,"y":21.15}},{"tweenEasing":"NaN","transform":{"x":-6.6,"y":23.05}}]},{"name":"weapon_l","frame":[{"duration":2,"tweenEasing":0,"transform":{"x":0.19,"y":-0.08,"skX":-0.0054,"skY":-0.0046,"scX":1.002,"scY":1.0006}},{"tweenEasing":"NaN","transform":{"x":0.18,"y":-0.1,"skX":-0.0054,"skY":-0.0046,"scX":1.002,"scY":1.0006},"action":"fire_01"}]},{"name":"shouder_l","frame":[{"duration":2,"tweenEasing":0,"transform":{"x":-0.78,"y":-0.48,"skX":4.4951,"skY":4.5075,"scX":1.0004,"scY":1.0015}},{"tweenEasing":"NaN","transform":{"x":-1.1,"y":-0.86,"skX":7.4976,"skY":7.5101,"scX":1.0004,"scY":1.0015}}]},{"name":"foot_l","frame":[{"duration":3,"tweenEasing":"NaN","transform":{"scX":1.0045}}]},{"name":"thigh_1_l","frame":[{"duration":3,"tweenEasing":"NaN","transform":{"x":-0.15,"y":-0.02,"skX":13.7996,"skY":13.8006,"scX":1.0075,"scY":1.0013}}]},{"name":"calf_l","frame":[{"duration":3,"tweenEasing":"NaN","transform":{"x":-0.52,"y":-0.04,"skX":-24.1062,"skY":-24.0984,"scX":0.9823,"scY":1.0018}}]},{"name":"thigh_l","frame":[{"duration":2,"tweenEasing":0,"transform":{"x":-3180.45,"y":1252.92,"skX":-5.0134,"skY":-5.0141,"scX":0.9986,"scY":1.0014}},{"tweenEasing":"NaN","transform":{"x":-3180.47,"y":1252.91,"skX":-7.2685,"skY":-7.2694,"scX":0.9988,"scY":1.0015}}]},{"name":"pelvis","frame":[{"duration":2,"tweenEasing":0,"transform":{"x":-0.02,"y":0.03}},{"tweenEasing":"NaN","transform":{"x":-0.04,"y":0.01,"skX":-1.7534,"skY":-1.7553,"scX":0.9998,"scY":0.9999}}]},{"name":"chest","frame":[{"duration":2,"tweenEasing":0,"transform":{"x":-0.05,"y":-0.1,"skX":-4.5063,"skY":-4.5021,"scX":0.9997,"scY":0.9995}},{"tweenEasing":"NaN","transform":{"x":-0.03,"y":0.33,"skX":-5.7548,"skY":-5.7494,"scX":0.9996,"scY":0.9992}}]},{"name":"foot_r","frame":[{"duration":3,"tweenEasing":"NaN","transform":{"scX":1.0045}}]},{"name":"thigh_1_r","frame":[{"duration":3,"tweenEasing":"NaN","transform":{"x":-0.71,"y":-0.16,"skX":16.0156,"skY":16.0143,"scX":0.9995,"scY":0.9995}}]},{"name":"calf_r","frame":[{"duration":3,"tweenEasing":"NaN","transform":{"x":0.75,"y":0.39,"skX":-31.54,"skY":-31.5368,"scX":1.0138,"scY":0.9997}}]},{"name":"thigh_r","frame":[{"duration":2,"tweenEasing":0,"transform":{"x":3469.53,"y":-770.98,"skX":7.2697,"skY":7.2648,"scX":1.011,"scY":1.0014}},{"tweenEasing":"NaN","transform":{"x":3469.51,"y":-771,"skX":8.2727,"skY":8.2643,"scX":1.0112,"scY":1.0015}}]},{"name":"shouder_r","frame":[{"duration":2,"tweenEasing":0,"transform":{"x":0.66,"y":0.37,"skX":4.4953,"skY":4.5082,"scX":1.0005,"scY":1.0015}},{"tweenEasing":"NaN","transform":{"x":1.13,"y":0.89,"skX":7.4979,"skY":7.5107,"scX":1.0005,"scY":1.0015}}]},{"name":"weapon_r","frame":[{"duration":2,"tweenEasing":0,"transform":{"x":0.15,"y":-0.05,"skX":-0.0061,"skY":-0.0061,"scX":1.0017,"scY":1.0005}},{"tweenEasing":"NaN","transform":{"x":0.21,"y":-0.06,"skX":-0.0061,"skY":-0.0061,"scX":1.0018,"scY":1.0006},"action":"fire_01"}]}],"slot":[{"name":"root","frame":[{"duration":3,"tweenEasing":"NaN"}]},{"name":"weapon_l","frame":[{"duration":3,"tweenEasing":"NaN"}]},{"name":"shouder_l","frame":[{"duration":3,"tweenEasing":"NaN"}]},{"name":"foot_l","frame":[{"duration":3,"tweenEasing":"NaN"}]},{"name":"thigh_1_l","frame":[{"duration":3,"tweenEasing":"NaN"}]},{"name":"calf_l","frame":[{"duration":3,"tweenEasing":"NaN"}]},{"name":"thigh_l","frame":[{"duration":3,"tweenEasing":"NaN"}]},{"name":"pelvis","frame":[{"duration":3,"tweenEasing":"NaN"}]},{"name":"chest","frame":[{"duration":3,"tweenEasing":"NaN"}]},{"name":"foot_r","frame":[{"duration":3,"tweenEasing":"NaN"}]},{"name":"thigh_1_r","frame":[{"duration":3,"tweenEasing":"NaN"}]},{"name":"calf_r","frame":[{"duration":3,"tweenEasing":"NaN"}]},{"name":"thigh_r","frame":[{"duration":3,"tweenEasing":"NaN"}]},{"name":"shouder_r","frame":[{"duration":3,"tweenEasing":"NaN"}]},{"name":"weapon_r","frame":[{"duration":3,"tweenEasing":"NaN"}]},{"name":"effects_2","frame":[{"displayIndex":-1,"tweenEasing":"NaN"}]},{"name":"effects_1","frame":[{"displayIndex":-1,"tweenEasing":"NaN"}]}]},{"name":"attack_02","frame":[{"duration":9},{"action":"attack_02_1"}],"duration":10,"fadeInTime":0.2,"bone":[{"name":"root","frame":[{"duration":6,"tweenEasing":0},{"duration":4,"tweenEasing":"NaN","transform":{"x":-56,"y":19.15}}]},{"name":"weapon_l","frame":[{"duration":2,"tweenEasing":0},{"duration":4,"tweenEasing":0,"transform":{"y":0.19,"skY":0.0009,"scX":0.9998,"scY":0.9999}},{"duration":3,"tweenEasing":0,"transform":{"x":0.37,"y":0.19,"skY":0.0009,"scX":1.0011,"scY":1.0003}},{"tweenEasing":"NaN","transform":{"x":0.34,"y":0.15,"skY":0.0009,"scX":1.0019,"scY":1.0006}}]},{"name":"shouder_l","frame":[{"duration":2,"tweenEasing":0},{"duration":4,"tweenEasing":0,"transform":{"x":-0.86,"y":-1.27,"skX":6.0331,"skY":6.0331}},{"duration":3,"tweenEasing":0,"transform":{"x":-1.17,"y":-0.89,"skX":4.524,"skY":4.524}},{"tweenEasing":"NaN","transform":{"x":-0.45,"y":-0.16,"skX":0.0044,"skY":0.0044}}]},{"name":"foot_l","frame":[{"duration":2,"tweenEasing":0},{"duration":2,"tweenEasing":0,"transform":{"x":-60.15,"y":-15.75}},{"duration":2,"tweenEasing":0,"transform":{"x":-110.7,"y":-4.85}},{"duration":4,"tweenEasing":"NaN","transform":{"x":-110.7,"y":-4.85}}]},{"name":"thigh_1_l","frame":[{"duration":10,"tweenEasing":"NaN"}]},{"name":"calf_l","frame":[{"duration":10,"tweenEasing":"NaN"}]},{"name":"thigh_l","frame":[{"duration":2,"tweenEasing":0},{"duration":2,"tweenEasing":0,"transform":{"x":-330860.42,"y":214244.86,"skX":47.9363,"skY":47.934,"scX":0.9793,"scY":1.0002}},{"duration":2,"tweenEasing":0,"transform":{"x":-276504.12,"y":196704.35,"skX":92.2581,"skY":92.2557,"scX":0.9465,"scY":0.9999}},{"duration":4,"tweenEasing":"NaN","transform":{"x":-6553.6,"y":-6553.61,"skX":48.1876,"skY":48.1844,"scX":0.9767,"scY":1.0002}}]},{"name":"pelvis","frame":[{"duration":6,"tweenEasing":0},{"duration":4,"tweenEasing":"NaN","transform":{"y":-0.01}}]},{"name":"chest","frame":[{"duration":2,"tweenEasing":0},{"duration":4,"tweenEasing":0,"transform":{"x":35.55,"y":-1.55,"skX":-5.9764,"skY":-6.0331,"scX":0.9994,"scY":1.0047}},{"duration":3,"tweenEasing":0,"transform":{"x":-0.1,"y":-0.1,"skX":-4.4827,"skY":-4.524,"scX":0.9995,"scY":1.0035}},{"tweenEasing":"NaN","transform":{"x":-0.1,"y":-0.1,"skX":-0.0026,"skY":-0.0044,"scY":1.0002}}]},{"name":"foot_r","frame":[{"duration":2,"tweenEasing":0},{"duration":4,"tweenEasing":0},{"duration":4,"tweenEasing":"NaN"}]},{"name":"thigh_1_r","frame":[{"duration":10,"tweenEasing":"NaN"}]},{"name":"calf_r","frame":[{"duration":10,"tweenEasing":"NaN"}]},{"name":"thigh_r","frame":[{"duration":2,"tweenEasing":0},{"duration":4,"tweenEasing":0,"transform":{"x":-335293.74,"y":225424.53,"skX":9.5199,"skY":9.5204,"scX":0.9925,"scY":1.0009}},{"duration":4,"tweenEasing":"NaN","transform":{"x":7035.48,"y":6264.46,"skX":-35.3872,"skY":-35.392,"scX":1.0113,"scY":0.999}}]},{"name":"shouder_r","frame":[{"duration":2,"tweenEasing":0},{"duration":4,"tweenEasing":0,"transform":{"x":1.16,"y":1.38,"skX":6.0331,"skY":6.0331}},{"duration":3,"tweenEasing":0,"transform":{"x":1.44,"y":0.32,"skX":4.524,"skY":4.524}},{"tweenEasing":"NaN","transform":{"x":0.93,"y":-0.43,"skX":0.0044,"skY":0.0044}}]},{"name":"weapon_r","frame":[{"duration":2,"tweenEasing":0},{"duration":4,"tweenEasing":0,"transform":{"y":0.23,"skY":-0.0009,"scX":0.9996,"scY":0.9998}},{"duration":3,"tweenEasing":0,"transform":{"x":0.38,"y":0.22,"scX":1.0008,"scY":1.0003}},{"tweenEasing":"NaN","transform":{"x":0.37,"y":0.24,"scX":1.0016,"scY":1.0005}}]}],"slot":[{"name":"root","frame":[{"duration":10,"tweenEasing":"NaN"}]},{"name":"weapon_l","frame":[{"duration":10,"tweenEasing":"NaN"}]},{"name":"shouder_l","frame":[{"duration":10,"tweenEasing":"NaN"}]},{"name":"foot_l","frame":[{"duration":10,"tweenEasing":"NaN"}]},{"name":"thigh_1_l","frame":[{"duration":10,"tweenEasing":"NaN"}]},{"name":"calf_l","frame":[{"duration":10,"tweenEasing":"NaN"}]},{"name":"thigh_l","frame":[{"duration":10,"tweenEasing":"NaN"}]},{"name":"pelvis","frame":[{"duration":10,"tweenEasing":"NaN"}]},{"name":"chest","frame":[{"duration":10,"tweenEasing":"NaN"}]},{"name":"foot_r","frame":[{"duration":10,"tweenEasing":"NaN"}]},{"name":"thigh_1_r","frame":[{"duration":10,"tweenEasing":"NaN"}]},{"name":"calf_r","frame":[{"duration":10,"tweenEasing":"NaN"}]},{"name":"thigh_r","frame":[{"duration":10,"tweenEasing":"NaN"}]},{"name":"shouder_r","frame":[{"duration":10,"tweenEasing":"NaN"}]},{"name":"weapon_r","frame":[{"duration":10,"tweenEasing":"NaN"}]},{"name":"effects_2","frame":[{"displayIndex":-1,"tweenEasing":"NaN"}]},{"name":"effects_1","frame":[{"displayIndex":-1,"tweenEasing":"NaN"}]}]},{"name":"attack_02_1","duration":3,"fadeInTime":0.1,"playTimes":10,"bone":[{"name":"root","frame":[{"duration":2,"tweenEasing":0,"transform":{"x":-56,"y":19.15}},{"tweenEasing":"NaN","transform":{"x":-57.2,"y":22.25}}]},{"name":"weapon_l","frame":[{"duration":2,"tweenEasing":0,"transform":{"x":0.34,"y":0.15,"skY":0.0009,"scX":1.0019,"scY":1.0006}},{"tweenEasing":"NaN","transform":{"x":0.33,"y":0.15,"skY":0.0009,"scX":1.0019,"scY":1.0006},"action":"fire_01"}]},{"name":"shouder_l","frame":[{"duration":2,"tweenEasing":0,"transform":{"x":-0.45,"y":-0.16,"skX":0.0044,"skY":0.0044}},{"tweenEasing":"NaN","transform":{"x":-0.9,"y":-0.72,"skX":3.5184,"skY":3.5184}}]},{"name":"foot_l","frame":[{"duration":3,"tweenEasing":"NaN","transform":{"x":-110.7,"y":-4.85}}]},{"name":"thigh_1_l","frame":[{"duration":3,"tweenEasing":"NaN","transform":{"x":0.05,"y":0.04,"skX":18.0052,"skY":18.0064,"scX":1.0178,"scY":1.0021}}]},{"name":"calf_l","frame":[{"duration":3,"tweenEasing":"NaN","transform":{"x":0.5,"y":0.07,"skX":-60.1655,"skY":-60.1657,"scX":0.9951,"scY":1.0001}}]},{"name":"thigh_l","frame":[{"duration":2,"tweenEasing":0,"transform":{"x":-6553.6,"y":-6553.61,"skX":48.1876,"skY":48.1844,"scX":0.9767,"scY":1.0002}},{"tweenEasing":"NaN","transform":{"x":-7035.47,"y":-6264.48,"skX":46.6831,"skY":46.6806,"scX":0.9778,"scY":1.0001}}]},{"name":"pelvis","frame":[{"duration":2,"tweenEasing":0,"transform":{"y":-0.01}},{"tweenEasing":"NaN","transform":{"x":0.01,"y":-0.01}}]},{"name":"chest","frame":[{"duration":2,"tweenEasing":0,"transform":{"x":-0.1,"y":-0.1,"skX":-0.0026,"skY":-0.0044,"scY":1.0002}},{"tweenEasing":"NaN","transform":{"x":-0.1,"y":-0.1,"skX":-3.4856,"skY":-3.5184,"scX":0.9996,"scY":1.0029}}]},{"name":"foot_r","frame":[{"duration":3,"tweenEasing":"NaN"}]},{"name":"thigh_1_r","frame":[{"duration":3,"tweenEasing":"NaN","transform":{"x":-0.32,"y":-0.12,"skX":27.3871,"skY":27.3792,"scX":0.994,"scY":0.9991}}]},{"name":"calf_r","frame":[{"duration":3,"tweenEasing":"NaN","transform":{"x":-0.11,"y":0.1,"skX":-24.5737,"skY":-24.5662,"scX":1.0203,"scY":0.9973}}]},{"name":"thigh_r","frame":[{"duration":2,"tweenEasing":0,"transform":{"x":7035.48,"y":6264.46,"skX":-35.3872,"skY":-35.392,"scX":1.0113,"scY":0.999}},{"tweenEasing":"NaN","transform":{"x":7517.38,"y":5975.33,"skX":-39.4031,"skY":-39.4078,"scX":1.0107,"scY":0.9992}}]},{"name":"shouder_r","frame":[{"duration":2,"tweenEasing":0,"transform":{"x":0.93,"y":-0.43,"skX":0.0044,"skY":0.0044}},{"tweenEasing":"NaN","transform":{"x":1.51,"y":0.12,"skX":3.5184,"skY":3.5184}}]},{"name":"weapon_r","frame":[{"duration":2,"tweenEasing":0,"transform":{"x":0.37,"y":0.24,"scX":1.0016,"scY":1.0005}},{"tweenEasing":"NaN","transform":{"x":0.39,"y":0.18,"scX":1.0018,"scY":1.0006},"action":"fire_01"}]}],"slot":[{"name":"root","frame":[{"duration":3,"tweenEasing":"NaN"}]},{"name":"weapon_l","frame":[{"duration":3,"tweenEasing":"NaN"}]},{"name":"shouder_l","frame":[{"duration":3,"tweenEasing":"NaN"}]},{"name":"foot_l","frame":[{"duration":3,"tweenEasing":"NaN"}]},{"name":"thigh_1_l","frame":[{"duration":3,"tweenEasing":"NaN"}]},{"name":"calf_l","frame":[{"duration":3,"tweenEasing":"NaN"}]},{"name":"thigh_l","frame":[{"duration":3,"tweenEasing":"NaN"}]},{"name":"pelvis","frame":[{"duration":3,"tweenEasing":"NaN"}]},{"name":"chest","frame":[{"duration":3,"tweenEasing":"NaN"}]},{"name":"foot_r","frame":[{"duration":3,"tweenEasing":"NaN"}]},{"name":"thigh_1_r","frame":[{"duration":3,"tweenEasing":"NaN"}]},{"name":"calf_r","frame":[{"duration":3,"tweenEasing":"NaN"}]},{"name":"thigh_r","frame":[{"duration":3,"tweenEasing":"NaN"}]},{"name":"shouder_r","frame":[{"duration":3,"tweenEasing":"NaN"}]},{"name":"weapon_r","frame":[{"duration":3,"tweenEasing":"NaN"}]},{"name":"effects_2","frame":[{"displayIndex":-1,"tweenEasing":"NaN"}]},{"name":"effects_1","frame":[{"displayIndex":-1,"tweenEasing":"NaN"}]}]},{"name":"death","duration":11,"fadeInTime":0.1,"bone":[{"name":"root","frame":[{"duration":2,"tweenEasing":0,"transform":{"x":15.55,"y":-14.25}},{"duration":2,"tweenEasing":0,"transform":{"x":-52.7,"y":-24.75}},{"duration":2,"tweenEasing":0,"transform":{"x":-82.85,"y":45.6}},{"tweenEasing":0,"transform":{"x":-82.9,"y":36.25}},{"duration":4,"tweenEasing":"NaN","transform":{"x":-88.5,"y":45.35}}]},{"name":"weapon_l","frame":[{"duration":2,"tweenEasing":0,"transform":{"x":-0.02,"y":0.04,"scX":1.0015,"scY":1.0005}},{"duration":2,"tweenEasing":0,"transform":{"x":0.2,"y":0.36,"skY":0.0009,"scX":0.9988,"scY":0.9996}},{"duration":2,"tweenEasing":0,"transform":{"x":0.44,"y":0.14,"skY":0.0017,"scX":0.9982,"scY":0.9994}},{"tweenEasing":0,"transform":{"x":0.49,"y":0.19,"skY":0.0009,"scX":0.9974,"scY":0.9991}},{"tweenEasing":0,"transform":{"x":0.56,"y":0.15,"skY":0.0017,"scX":0.9981,"scY":0.9994}},{"duration":2,"tweenEasing":0,"transform":{"x":0.56,"y":0.13,"skY":0.0009,"scX":0.9977,"scY":0.9992}},{"tweenEasing":"NaN","transform":{"x":0.51,"y":0.09,"skY":0.0009,"scX":0.9973,"scY":0.9991}}]},{"name":"shouder_l","frame":[{"duration":2,"tweenEasing":0,"transform":{"x":-1.35,"y":-2.07,"skX":12.0717,"skY":12.0717}},{"duration":2,"tweenEasing":0,"transform":{"x":-1.87,"y":-2.5,"skX":12.0726,"skY":12.0726}},{"duration":2,"tweenEasing":0,"transform":{"x":3.68,"y":2.88,"skX":-24.6085,"skY":-24.6085}},{"tweenEasing":0,"transform":{"x":1.42,"y":1.72,"skX":-12.8049,"skY":-12.8049}},{"tweenEasing":0,"transform":{"x":2.67,"y":2.4,"skX":-19.5866,"skY":-19.5866}},{"duration":2,"tweenEasing":0,"transform":{"x":4.47,"y":3.09,"skX":-28.3747,"skY":-28.3747}},{"tweenEasing":"NaN","transform":{"x":5.39,"y":3.2,"skX":-32.1404,"skY":-32.1404}}]},{"name":"foot_l","frame":[{"duration":2,"tweenEasing":0},{"duration":2,"tweenEasing":0,"transform":{"x":-114.2,"y":-5}},{"duration":2,"tweenEasing":0,"transform":{"x":-114.2,"y":-5}},{"tweenEasing":0,"transform":{"x":-114.2,"y":-5}},{"tweenEasing":0,"transform":{"x":-114.2,"y":-5}},{"duration":3,"tweenEasing":"NaN","transform":{"x":-114.2,"y":-5}}]},{"name":"thigh_1_l","frame":[{"duration":11,"tweenEasing":"NaN","transform":{"x":0.08,"y":0.06,"skX":-9.7835,"skY":-9.7867,"scX":1.0011}}]},{"name":"calf_l","frame":[{"duration":11,"tweenEasing":"NaN","transform":{"x":0.16,"y":-0.02,"skX":12.5518,"skY":12.5537,"scX":0.9911,"scY":1.0005}}]},{"name":"thigh_l","frame":[{"duration":2,"tweenEasing":0,"transform":{"x":3084.02,"y":770.98,"skX":10.0352,"skY":10.0352,"scX":1.0014,"scY":0.9993}},{"duration":2,"tweenEasing":0,"transform":{"x":-1252.91,"y":-9733.99,"skX":54.7039,"skY":54.6998,"scX":0.9738,"scY":1.0008}},{"duration":2,"tweenEasing":0,"transform":{"x":-12432.59,"y":-7613.78,"skX":31.1254,"skY":31.1262,"scX":0.9895,"scY":0.9991}},{"tweenEasing":0,"transform":{"x":-10986.97,"y":-8481.13,"skX":28.1119,"skY":28.1111,"scX":0.993,"scY":0.9991}},{"tweenEasing":0,"transform":{"x":-12239.83,"y":-8384.79,"skX":17.8174,"skY":17.8178,"scX":0.9986,"scY":0.9991}},{"duration":2,"tweenEasing":0,"transform":{"x":867.37,"y":-8384.79,"skX":16.3115,"skY":16.3114,"scX":0.9993,"scY":0.9991}},{"tweenEasing":"NaN","transform":{"x":-12239.83,"y":-8384.79,"skX":16.8133,"skY":16.8129,"scX":0.9992,"scY":0.9991}}]},{"name":"pelvis","frame":[{"duration":2,"tweenEasing":0,"transform":{"x":-0.03,"y":-0.03,"skX":-1.7519,"skY":-1.7533,"scX":1.0015,"scY":0.9997}},{"duration":2,"tweenEasing":0,"transform":{"x":-0.02,"y":0.03,"skX":12.2581,"skY":12.2593,"scX":0.9907,"scY":0.9986}},{"duration":2,"tweenEasing":0,"transform":{"x":-0.03,"y":-0.04,"skX":-6.5047,"skY":-6.5058,"scX":1.0051,"scY":0.9993}},{"tweenEasing":0,"transform":{"x":-0.05,"skX":-6.5047,"skY":-6.5058,"scX":1.0051,"scY":0.9993}},{"duration":4,"tweenEasing":"NaN","transform":{"x":-0.02,"y":-0.03,"skX":-6.5047,"skY":-6.5058,"scX":1.0051,"scY":0.9993}}]},{"name":"chest","frame":[{"duration":2,"tweenEasing":0,"transform":{"y":-0.08,"skX":-10.2014,"skY":-10.3185,"scX":0.9988,"scY":1.0096}},{"duration":2,"tweenEasing":0,"transform":{"x":0.06,"y":-0.12,"skX":-24.2129,"skY":-24.3318,"scX":0.9988,"scY":1.0097}},{"duration":2,"tweenEasing":0,"transform":{"x":-0.12,"y":-0.13,"skX":30.9807,"skY":31.1144,"scX":0.9974,"scY":0.985}},{"tweenEasing":0,"transform":{"x":-0.12,"y":-0.17,"skX":19.224,"skY":19.3108,"scX":0.9985,"scY":0.9906}},{"tweenEasing":0,"transform":{"x":-0.09,"y":-0.07,"skX":25.9728,"skY":26.0924,"scX":0.9978,"scY":0.9869}},{"duration":2,"tweenEasing":0,"transform":{"x":-1.05,"y":-0.84,"skX":34.7399,"skY":34.8805,"scX":0.9972,"scY":0.9841}},{"tweenEasing":"NaN","transform":{"x":-0.09,"y":-0.07,"skX":38.5028,"skY":38.6462,"scX":0.9969,"scY":0.9836}}]},{"name":"foot_r","frame":[{"duration":2,"tweenEasing":0},{"duration":2,"tweenEasing":0,"transform":{"x":-26.7,"y":-1.2}},{"duration":2,"tweenEasing":0,"transform":{"x":-43.6,"y":-2}},{"tweenEasing":0,"transform":{"x":-43.6,"y":-2}},{"tweenEasing":0,"transform":{"x":-43.6,"y":-2}},{"duration":3,"tweenEasing":"NaN","transform":{"x":-43.6,"y":-2}}]},{"name":"thigh_1_r","frame":[{"duration":11,"tweenEasing":"NaN","transform":{"x":0.12,"y":-0.21,"skX":-23.7864,"skY":-23.7989,"scX":0.9872,"scY":0.9984}}]},{"name":"calf_r","frame":[{"duration":11,"tweenEasing":"NaN","transform":{"x":0.32,"y":-0.04,"skX":28.5439,"skY":28.5391,"scX":0.9903,"scY":0.9993}}]},{"name":"thigh_r","frame":[{"duration":2,"tweenEasing":0,"transform":{"x":-2602.19,"y":-1060.17,"skX":7.7667,"skY":7.7665,"scX":0.9946,"scY":1.0007}},{"duration":2,"tweenEasing":0,"transform":{"x":770.99,"y":10023.19,"skX":-4.7653,"skY":-4.7658,"scX":1.0019,"scY":0.9996}},{"duration":2,"tweenEasing":0,"transform":{"x":11950.65,"y":7902.83,"skX":8.5209,"skY":8.5185,"scX":0.9989,"scY":1.0008}},{"tweenEasing":0,"transform":{"x":11275.99,"y":8963.01,"skX":-12.0389,"skY":-12.0428,"scX":1.008,"scY":0.9992}},{"tweenEasing":0,"transform":{"x":13010.81,"y":8577.47,"skX":-5.2656,"skY":-5.2681,"scX":1.0059,"scY":0.9996}},{"duration":2,"tweenEasing":0,"transform":{"x":26118.01,"y":8577.47,"skX":0.7538,"skY":0.7506,"scX":1.0032}},{"tweenEasing":"NaN","transform":{"x":13010.81,"y":8577.47,"skX":0.5035,"skY":0.5004,"scX":1.0031}}]},{"name":"shouder_r","frame":[{"duration":2,"tweenEasing":0,"transform":{"x":1.21,"y":1.98,"skX":12.0717,"skY":12.0717}},{"duration":2,"tweenEasing":0,"transform":{"x":2.18,"y":2.32,"skX":-13.2214,"skY":-8.5119,"scX":0.7204,"scY":0.9983}},{"duration":2,"tweenEasing":0,"transform":{"x":-2.87,"y":-4.33,"skX":-24.086,"skY":-22.538,"scX":0.8952,"scY":0.9985}},{"tweenEasing":0,"transform":{"x":-0.64,"y":-2.65,"skX":-28.1795,"skY":-28.0363,"scX":0.9907,"scY":1.0009}},{"tweenEasing":0,"transform":{"x":-1.76,"y":-3.78,"skX":-30.2066,"skY":-30.5414,"scX":1.0249,"scY":1.001}},{"duration":2,"tweenEasing":0,"transform":{"x":-3.51,"y":-4.74,"skX":-32.6458,"skY":-32.6387,"scX":0.9997,"scY":1.0002}},{"tweenEasing":"NaN","transform":{"x":-4.15,"y":-5.12,"skX":-33.8957,"skY":-33.899,"scX":1.0003,"scY":1.0001}}]},{"name":"weapon_r","frame":[{"duration":2,"tweenEasing":0,"transform":{"x":-0.1,"y":0.02,"skY":-0.0009,"scX":1.0013,"scY":1.0004}},{"duration":2,"tweenEasing":0,"transform":{"x":9.24,"y":-1.22,"skX":20.5844,"skY":20.5836,"scX":0.9986,"scY":0.9996}},{"duration":2,"tweenEasing":0,"transform":{"x":0.35,"y":0.14,"skX":-2.0706,"skY":-2.0706,"scX":0.9993,"scY":0.9998}},{"tweenEasing":0,"transform":{"x":11.53,"y":-1.56,"skX":15.2314,"skY":15.2314,"scX":0.9968,"scY":0.999}},{"tweenEasing":0,"transform":{"x":11.66,"y":-1.54,"skX":10.9548,"skY":10.9548,"scX":0.9969,"scY":0.999}},{"duration":2,"tweenEasing":0,"transform":{"x":11.64,"y":-1.54,"skX":4.264,"skY":4.2649,"scX":0.9976,"scY":0.9992}},{"tweenEasing":"NaN","transform":{"x":11.65,"y":-1.55,"skX":1.7586,"skY":1.7586,"scX":0.9969,"scY":0.999}}]}],"slot":[{"name":"root","frame":[{"duration":11,"tweenEasing":"NaN"}]},{"name":"weapon_l","frame":[{"duration":11,"tweenEasing":"NaN"}]},{"name":"shouder_l","frame":[{"duration":11,"tweenEasing":"NaN"}]},{"name":"foot_l","frame":[{"duration":11,"tweenEasing":"NaN"}]},{"name":"thigh_1_l","frame":[{"duration":11,"tweenEasing":"NaN"}]},{"name":"calf_l","frame":[{"duration":11,"tweenEasing":"NaN"}]},{"name":"thigh_l","frame":[{"duration":11,"tweenEasing":"NaN"}]},{"name":"pelvis","frame":[{"duration":11,"tweenEasing":"NaN"}]},{"name":"chest","frame":[{"duration":11,"tweenEasing":"NaN"}]},{"name":"foot_r","frame":[{"duration":11,"tweenEasing":"NaN"}]},{"name":"thigh_1_r","frame":[{"duration":11,"tweenEasing":"NaN"}]},{"name":"calf_r","frame":[{"duration":11,"tweenEasing":"NaN"}]},{"name":"thigh_r","frame":[{"duration":11,"tweenEasing":"NaN"}]},{"name":"shouder_r","frame":[{"duration":11,"tweenEasing":"NaN"}]},{"name":"weapon_r","frame":[{"duration":11,"tweenEasing":"NaN"}]},{"name":"effects_2","frame":[{"displayIndex":-1,"tweenEasing":"NaN"}]},{"name":"effects_1","frame":[{"displayIndex":-1,"tweenEasing":"NaN"}]}]},{"name":"hit","duration":9,"fadeInTime":0.1,"bone":[{"name":"root","frame":[{"tweenEasing":0,"transform":{"x":15.55,"y":-14.25}},{"duration":7,"tweenEasing":0,"transform":{"x":-52.6,"y":-1.4}},{"tweenEasing":"NaN","transform":{"x":-55.45,"y":7.15}}]},{"name":"weapon_l","frame":[{"tweenEasing":0,"transform":{"x":-0.02,"y":0.04,"scX":0.9989,"scY":0.9996}},{"duration":5,"tweenEasing":0,"transform":{"x":0.26,"y":0.17,"skY":0.0009,"scX":1.0013,"scY":1.0004}},{"duration":2,"tweenEasing":0,"transform":{"x":0.28,"y":0.23,"skY":0.0017,"scX":1.0018,"scY":1.0006}},{"tweenEasing":"NaN","transform":{"x":0.21,"y":0.15,"skY":0.0009,"scX":1.0019,"scY":1.0006}}]},{"name":"shouder_l","frame":[{"tweenEasing":0,"transform":{"x":-1.35,"y":-2.07,"skX":12.0717,"skY":12.0717}},{"duration":5,"tweenEasing":0,"transform":{"x":0.04,"y":0.18,"skX":-3.0111,"skY":-3.0111}},{"duration":2,"tweenEasing":0,"transform":{"x":9.94,"y":-0.36,"skX":-9.4689,"skY":-9.4689}},{"tweenEasing":"NaN","transform":{"x":1.5,"y":1.45,"skX":-12.052,"skY":-12.052}}]},{"name":"foot_l","frame":[{"tweenEasing":0},{"duration":2,"tweenEasing":0,"transform":{"x":-53,"y":-8.45}},{"duration":6,"tweenEasing":"NaN","transform":{"x":-78.8,"y":-1.25}}]},{"name":"thigh_1_l","frame":[{"duration":9,"tweenEasing":"NaN","transform":{"x":0.08,"y":0.06,"skX":-9.7835,"skY":-9.7867,"scX":1.0011}}]},{"name":"calf_l","frame":[{"duration":9,"tweenEasing":"NaN","transform":{"x":0.16,"y":-0.02,"skX":12.5518,"skY":12.5537,"scX":0.9911,"scY":1.0005}}]},{"name":"thigh_l","frame":[{"tweenEasing":0,"transform":{"x":3084.02,"y":770.98,"skX":10.0352,"skY":10.0352,"scX":1.0014,"scY":0.9993}},{"duration":2,"tweenEasing":0,"transform":{"x":-3855.07,"y":-7517.38,"skX":-8.0191,"skY":-8.0191,"scX":0.9964,"scY":1.0008}},{"duration":5,"tweenEasing":0,"transform":{"x":53392.57,"y":68234.55,"skX":1.003,"skY":1.0023,"scX":1.0002}},{"tweenEasing":"NaN","transform":{"x":-5108,"y":-7420.99,"skX":6.0193,"skY":6.02,"scX":1.0013,"scY":0.9996}}]},{"name":"pelvis","frame":[{"tweenEasing":0,"transform":{"x":-0.03,"y":-0.03,"skX":-1.7519,"skY":-1.7533,"scX":1.0015,"scY":0.9997}},{"duration":7,"tweenEasing":0,"transform":{"x":-0.01,"y":-0.02,"skX":12.2581,"skY":12.2593,"scX":0.9907,"scY":0.9986}},{"tweenEasing":"NaN","transform":{"x":-0.05,"y":-0.01,"skX":10.5078,"skY":10.507,"scX":0.9919,"scY":0.9989}}]},{"name":"chest","frame":[{"tweenEasing":0,"transform":{"y":-0.08,"skX":-10.2014,"skY":-10.3185,"scX":0.9988,"scY":1.0096}},{"duration":7,"tweenEasing":0,"transform":{"x":-0.05,"y":-0.09,"skX":-9.2713,"skY":-9.2481,"scX":0.9996,"scY":0.9976}},{"tweenEasing":"NaN","transform":{"x":-0.05,"y":-0.09,"skX":1.4611,"skY":1.5451,"scX":0.9986,"scY":0.991}}]},{"name":"foot_r","frame":[{"tweenEasing":0},{"duration":8,"tweenEasing":"NaN","transform":{"x":-26.7,"y":-1.2}}]},{"name":"thigh_1_r","frame":[{"duration":9,"tweenEasing":"NaN","transform":{"x":0.12,"y":-0.21,"skX":-23.7864,"skY":-23.7989,"scX":0.9872,"scY":0.9984}}]},{"name":"calf_r","frame":[{"duration":9,"tweenEasing":"NaN","transform":{"x":0.32,"y":-0.04,"skX":28.5439,"skY":28.5391,"scX":0.9903,"scY":0.9993}}]},{"name":"thigh_r","frame":[{"tweenEasing":0,"transform":{"x":-2602.19,"y":-1060.17,"skX":7.7667,"skY":7.7665,"scX":0.9946,"scY":1.0007}},{"duration":7,"tweenEasing":0,"transform":{"x":3855.05,"y":7517.35,"skX":-7.5225,"skY":-7.525,"scX":1.0041,"scY":0.9994}},{"tweenEasing":"NaN","transform":{"x":5589.79,"y":7131.85,"skX":-1.0033,"skY":-1.0035,"scX":1.0007,"scY":0.9998}}]},{"name":"shouder_r","frame":[{"tweenEasing":0,"transform":{"x":1.21,"y":1.98,"skX":12.0717,"skY":12.0717}},{"duration":5,"tweenEasing":0,"transform":{"x":0.42,"y":-0.54,"skX":-3.0111,"skY":-3.0111}},{"duration":2,"tweenEasing":0,"transform":{"x":8.58,"y":-3.08,"skX":-9.4689,"skY":-9.4689}},{"tweenEasing":"NaN","transform":{"x":-0.92,"y":-1.98,"skX":-12.052,"skY":-12.052}}]},{"name":"weapon_r","frame":[{"tweenEasing":0,"transform":{"x":-0.1,"y":0.02,"skY":-0.0009,"scX":0.9986,"scY":0.9995}},{"duration":5,"tweenEasing":0,"transform":{"x":0.17,"y":0.24,"scX":1.001,"scY":1.0004}},{"duration":2,"tweenEasing":0,"transform":{"x":0.27,"y":0.29,"scX":1.0014,"scY":1.0005}},{"tweenEasing":"NaN","transform":{"x":0.26,"y":0.18,"scX":1.0018,"scY":1.0006}}]}],"slot":[{"name":"root","frame":[{"duration":9,"tweenEasing":"NaN"}]},{"name":"weapon_l","frame":[{"duration":9,"tweenEasing":"NaN"}]},{"name":"shouder_l","frame":[{"duration":9,"tweenEasing":"NaN"}]},{"name":"foot_l","frame":[{"duration":9,"tweenEasing":"NaN"}]},{"name":"thigh_1_l","frame":[{"duration":9,"tweenEasing":"NaN"}]},{"name":"calf_l","frame":[{"duration":9,"tweenEasing":"NaN"}]},{"name":"thigh_l","frame":[{"duration":9,"tweenEasing":"NaN"}]},{"name":"pelvis","frame":[{"duration":9,"tweenEasing":"NaN"}]},{"name":"chest","frame":[{"duration":9,"tweenEasing":"NaN"}]},{"name":"foot_r","frame":[{"duration":9,"tweenEasing":"NaN"}]},{"name":"thigh_1_r","frame":[{"duration":9,"tweenEasing":"NaN"}]},{"name":"calf_r","frame":[{"duration":9,"tweenEasing":"NaN"}]},{"name":"thigh_r","frame":[{"duration":9,"tweenEasing":"NaN"}]},{"name":"shouder_r","frame":[{"duration":9,"tweenEasing":"NaN"}]},{"name":"weapon_r","frame":[{"duration":9,"tweenEasing":"NaN"}]},{"name":"effects_2","frame":[{"displayIndex":-1,"tweenEasing":"NaN"}]},{"name":"effects_1","frame":[{"displayIndex":-1,"tweenEasing":"NaN"}]}]},{"name":"jump_1","duration":1,"fadeInTime":0.1,"bone":[{"name":"root","frame":[{"tweenEasing":"NaN","transform":{"x":-5.95,"y":33.35}}]},{"name":"weapon_l","frame":[{"tweenEasing":"NaN","transform":{"x":0.18,"y":-0.24,"skY":0.0009,"scX":0.9983,"scY":0.9994}}]},{"name":"shouder_l","frame":[{"tweenEasing":"NaN","transform":{"x":3.04,"y":2.18,"skX":-17.0743,"skY":-17.0743}}]},{"name":"foot_l","frame":[{"tweenEasing":"NaN","transform":{"x":-51.4,"y":-2.25}}]},{"name":"thigh_1_l","frame":[{"tweenEasing":"NaN","transform":{"x":-0.08,"y":0.03,"skX":45.0852,"skY":45.0869,"scX":1.0239,"scY":1.0013}}]},{"name":"calf_l","frame":[{"tweenEasing":"NaN","transform":{"x":0.74,"y":-0.02,"skX":-65.4187,"skY":-65.4153,"scX":0.9917,"scY":1.0003}}]},{"name":"thigh_l","frame":[{"tweenEasing":"NaN","transform":{"x":-4144.19,"y":1831.13,"skX":28.6151,"skY":28.6146,"scX":0.9929,"scY":0.9991}}]},{"name":"pelvis","frame":[{"tweenEasing":"NaN","transform":{"x":-0.01,"y":-0.02}}]},{"name":"effects_2","frame":[{"tweenEasing":"NaN"}]},{"name":"chest","frame":[{"tweenEasing":"NaN","transform":{"x":-0.1,"skX":16.9669,"skY":17.0743,"scX":0.9981,"scY":0.9882}}]},{"name":"effects_1","frame":[{"tweenEasing":"NaN"}]},{"name":"foot_r","frame":[{"tweenEasing":"NaN","transform":{"x":20.4,"y":0.95}}]},{"name":"thigh_1_r","frame":[{"tweenEasing":"NaN","transform":{"x":-0.24,"y":-0.12,"skX":32.0503,"skY":32.0677,"scX":1.0173,"scY":0.9978}}]},{"name":"calf_r","frame":[{"tweenEasing":"NaN","transform":{"y":0.45,"skX":-49.5993,"skY":-49.5918,"scX":1.0139,"scY":0.9981}}]},{"name":"thigh_r","frame":[{"tweenEasing":"NaN","transform":{"x":5107.95,"y":-2409.43,"skX":-1.0021,"skY":-1.0039,"scX":1.002,"scY":0.9998}}]},{"name":"shouder_r","frame":[{"tweenEasing":"NaN","transform":{"x":-2.45,"y":-2.82,"skX":-17.0743,"skY":-17.0743}}]},{"name":"weapon_r","frame":[{"tweenEasing":"NaN","transform":{"x":0.18,"y":-0.18,"skY":0.0009,"scX":0.9985,"scY":0.9995}}]}],"slot":[{"name":"root","frame":[{"tweenEasing":"NaN"}]},{"name":"weapon_l","frame":[{"tweenEasing":"NaN"}]},{"name":"shouder_l","frame":[{"tweenEasing":"NaN"}]},{"name":"foot_l","frame":[{"tweenEasing":"NaN"}]},{"name":"thigh_1_l","frame":[{"tweenEasing":"NaN"}]},{"name":"calf_l","frame":[{"tweenEasing":"NaN"}]},{"name":"thigh_l","frame":[{"tweenEasing":"NaN"}]},{"name":"pelvis","frame":[{"tweenEasing":"NaN"}]},{"name":"effects_2","frame":[{"tweenEasing":"NaN","color":{"aM":0}}]},{"name":"chest","frame":[{"tweenEasing":"NaN"}]},{"name":"effects_1","frame":[{"tweenEasing":"NaN","color":{"aM":0}}]},{"name":"foot_r","frame":[{"tweenEasing":"NaN"}]},{"name":"thigh_1_r","frame":[{"tweenEasing":"NaN"}]},{"name":"calf_r","frame":[{"tweenEasing":"NaN"}]},{"name":"thigh_r","frame":[{"tweenEasing":"NaN"}]},{"name":"shouder_r","frame":[{"tweenEasing":"NaN"}]},{"name":"weapon_r","frame":[{"tweenEasing":"NaN"}]}]},{"name":"jump_2","scale":5,"duration":1,"fadeInTime":0.1,"bone":[{"name":"root","frame":[{"tweenEasing":"NaN","transform":{"x":-5.95,"y":-0.25}}]},{"name":"weapon_l","frame":[{"tweenEasing":"NaN","transform":{"x":0.05,"y":-0.01,"skY":0.0009,"scX":1.0016,"scY":1.0005}}]},{"name":"shouder_l","frame":[{"tweenEasing":"NaN","transform":{"x":-1.6,"y":-2.03,"skX":12.0717,"skY":12.0717}}]},{"name":"foot_l","frame":[{"tweenEasing":"NaN","transform":{"x":-83.05,"y":10.8,"skX":57.6806,"skY":57.68,"scX":0.9907,"scY":0.997}}]},{"name":"thigh_1_l","frame":[{"tweenEasing":"NaN","transform":{"x":0.19,"y":0.19,"skX":-8.7813,"skY":-8.7793,"scX":1.0227,"scY":1.0005}}]},{"name":"calf_l","frame":[{"tweenEasing":"NaN","transform":{"x":-0.64,"y":-0.24,"skX":-5.806,"skY":-5.7956,"scX":0.9754,"scY":1.0022}}]},{"name":"thigh_l","frame":[{"tweenEasing":"NaN","transform":{"x":192.74,"y":-771.01,"skX":46.6827,"skY":46.6812,"scX":0.9819}}]},{"name":"pelvis","frame":[{"tweenEasing":"NaN","transform":{"x":-0.01,"skX":25.2948,"skY":25.2935,"scX":0.9847,"scY":0.9974}}]},{"name":"effects_2","frame":[{"tweenEasing":"NaN","transform":{"x":-2.79,"y":24.36,"skX":-2.0043,"skY":-2.0052,"scX":1.3963,"scY":1.9386}}]},{"name":"chest","frame":[{"tweenEasing":"NaN","transform":{"x":-0.2,"y":-2.71,"skX":-37.2482,"skY":-37.3652,"scX":0.9988,"scY":1.0096}}]},{"name":"effects_1","frame":[{"tweenEasing":"NaN","transform":{"x":12.29,"y":12.5,"skX":-11.2836,"skY":-11.2836,"scX":1.535,"scY":1.9626}}]},{"name":"foot_r","frame":[{"tweenEasing":"NaN","transform":{"x":-44.3,"y":-8.75,"skX":57.68,"skY":57.6793,"scX":0.9908,"scY":0.997}}]},{"name":"thigh_1_r","frame":[{"tweenEasing":"NaN","transform":{"x":0.07,"y":-0.2,"skX":-23.5429,"skY":-23.5365,"scX":1.0075,"scY":1.0001}}]},{"name":"calf_r","frame":[{"tweenEasing":"NaN","transform":{"x":-0.08,"y":0.3,"skX":7.258,"skY":7.255,"scX":0.9868,"scY":0.9991}}]},{"name":"thigh_r","frame":[{"tweenEasing":"NaN","transform":{"x":578.25,"y":963.76,"skX":31.0364,"skY":31.0434,"scX":0.9759,"scY":1.0009}}]},{"name":"shouder_r","frame":[{"tweenEasing":"NaN","transform":{"x":1.49,"y":1.82,"skX":12.0717,"skY":12.0717}}]},{"name":"weapon_r","frame":[{"tweenEasing":"NaN","transform":{"x":0.11,"y":0.08,"scX":0.9997,"scY":0.9999}}]}],"slot":[{"name":"root","frame":[{"tweenEasing":"NaN"}]},{"name":"weapon_l","frame":[{"tweenEasing":"NaN"}]},{"name":"shouder_l","frame":[{"tweenEasing":"NaN"}]},{"name":"foot_l","frame":[{"tweenEasing":"NaN"}]},{"name":"thigh_1_l","frame":[{"tweenEasing":"NaN"}]},{"name":"calf_l","frame":[{"tweenEasing":"NaN"}]},{"name":"thigh_l","frame":[{"tweenEasing":"NaN"}]},{"name":"pelvis","frame":[{"tweenEasing":"NaN"}]},{"name":"effects_2","frame":[{"tweenEasing":"NaN"}]},{"name":"chest","frame":[{"tweenEasing":"NaN"}]},{"name":"effects_1","frame":[{"tweenEasing":"NaN"}]},{"name":"foot_r","frame":[{"tweenEasing":"NaN"}]},{"name":"thigh_1_r","frame":[{"tweenEasing":"NaN"}]},{"name":"calf_r","frame":[{"tweenEasing":"NaN"}]},{"name":"thigh_r","frame":[{"tweenEasing":"NaN"}]},{"name":"shouder_r","frame":[{"tweenEasing":"NaN"}]},{"name":"weapon_r","frame":[{"tweenEasing":"NaN"}]}]},{"name":"jump_3","duration":1,"fadeInTime":0.1,"bone":[{"name":"root","frame":[{"tweenEasing":"NaN","transform":{"x":-5.95,"y":-0.25}}]},{"name":"weapon_l","frame":[{"tweenEasing":"NaN","transform":{"x":-2.66,"y":3.11,"skX":-29.9982,"skY":-29.9974,"scX":1.002,"scY":1.0007}}]},{"name":"shouder_l","frame":[{"tweenEasing":"NaN","transform":{"x":-1.62,"y":-2.01,"skX":12.0701,"skY":12.0703}}]},{"name":"foot_l","frame":[{"tweenEasing":"NaN","transform":{"x":-20.7,"y":29.9,"skX":-16.3344,"skY":-16.3344,"scX":0.9907,"scY":0.997}}]},{"name":"thigh_1_l","frame":[{"tweenEasing":"NaN","transform":{"x":0.2,"y":0.14,"skX":-44.3036,"skY":-44.3031,"scX":1.0227,"scY":1.0005}}]},{"name":"calf_l","frame":[{"tweenEasing":"NaN","transform":{"x":-0.55,"y":-0.32,"skX":35.1691,"skY":35.1801,"scX":0.9753,"scY":1.0022}}]},{"name":"thigh_l","frame":[{"tweenEasing":"NaN","transform":{"x":192.74,"y":-771.01,"skX":27.2191,"skY":27.2173,"scX":0.9818}}]},{"name":"pelvis","frame":[{"tweenEasing":"NaN","transform":{"x":-0.01,"skX":25.2948,"skY":25.2935,"scX":0.9847,"scY":0.9974}}]},{"name":"effects_2","frame":[{"tweenEasing":"NaN","transform":{"x":6.98,"y":22.24,"skX":-0.0009,"skY":-0.0017,"scX":1.3964,"scY":1.9386}}]},{"name":"chest","frame":[{"tweenEasing":"NaN","transform":{"x":-0.2,"y":-2.71,"skX":-7.25,"skY":-7.3656,"scX":0.9988,"scY":1.0096}}]},{"name":"effects_1","frame":[{"tweenEasing":"NaN","transform":{"x":17.63,"y":3.89,"skX":-14.9985,"skY":-14.9985,"scX":1.535,"scY":1.9626}}]},{"name":"foot_r","frame":[{"tweenEasing":"NaN","transform":{"x":29.95,"y":34.35,"skX":-17.8725,"skY":-17.8709,"scX":0.9908,"scY":0.997}}]},{"name":"thigh_1_r","frame":[{"tweenEasing":"NaN","transform":{"x":0.11,"y":-0.24,"skX":-44.3142,"skY":-44.3076,"scX":1.0074,"scY":1.0001}}]},{"name":"calf_r","frame":[{"tweenEasing":"NaN","transform":{"x":-0.19,"y":0.3,"skX":42.4565,"skY":42.4543,"scX":0.9867,"scY":0.999}}]},{"name":"thigh_r","frame":[{"tweenEasing":"NaN","transform":{"x":578.25,"y":963.76,"skX":-6.4479,"skY":-6.4395,"scX":0.9759,"scY":1.0009}}]},{"name":"shouder_r","frame":[{"tweenEasing":"NaN","transform":{"x":1.48,"y":1.84,"skX":12.0708,"skY":12.071}}]},{"name":"weapon_r","frame":[{"tweenEasing":"NaN","transform":{"x":2.58,"y":-2.28,"skX":-29.9989,"skY":-29.9989,"scX":1.0018,"scY":1.0006}}]}],"slot":[{"name":"root","frame":[{"tweenEasing":"NaN"}]},{"name":"weapon_l","frame":[{"tweenEasing":"NaN"}]},{"name":"shouder_l","frame":[{"tweenEasing":"NaN"}]},{"name":"foot_l","frame":[{"tweenEasing":"NaN"}]},{"name":"thigh_1_l","frame":[{"tweenEasing":"NaN"}]},{"name":"calf_l","frame":[{"tweenEasing":"NaN"}]},{"name":"thigh_l","frame":[{"tweenEasing":"NaN"}]},{"name":"pelvis","frame":[{"tweenEasing":"NaN"}]},{"name":"effects_2","frame":[{"tweenEasing":"NaN"}]},{"name":"chest","frame":[{"tweenEasing":"NaN"}]},{"name":"effects_1","frame":[{"tweenEasing":"NaN"}]},{"name":"foot_r","frame":[{"tweenEasing":"NaN"}]},{"name":"thigh_1_r","frame":[{"tweenEasing":"NaN"}]},{"name":"calf_r","frame":[{"tweenEasing":"NaN"}]},{"name":"thigh_r","frame":[{"tweenEasing":"NaN"}]},{"name":"shouder_r","frame":[{"tweenEasing":"NaN"}]},{"name":"weapon_r","frame":[{"tweenEasing":"NaN"}]}]},{"name":"jump_4","duration":1,"fadeInTime":0.1,"bone":[{"name":"root","frame":[{"tweenEasing":"NaN","transform":{"x":0.1,"y":38.1}}]},{"name":"weapon_l","frame":[{"tweenEasing":"NaN","transform":{"x":-2.2,"y":2.26,"skX":-24.1896,"skY":-24.1887,"scX":1.002,"scY":1.0007}}]},{"name":"shouder_l","frame":[{"tweenEasing":"NaN","transform":{"x":0.77,"y":0.91,"skX":-5.0202,"skY":-5.0216}}]},{"name":"foot_l","frame":[{"tweenEasing":"NaN","event":"onGround"}]},{"name":"thigh_1_l","frame":[{"tweenEasing":"NaN","transform":{"x":0.43,"y":-0.13,"skX":54.3955,"skY":54.3917,"scX":1.0072,"scY":1.0019}}]},{"name":"calf_l","frame":[{"tweenEasing":"NaN","transform":{"y":0.26,"skX":25.3239,"skY":25.323,"scX":0.9961,"scY":1.0001}}]},{"name":"thigh_l","frame":[{"tweenEasing":"NaN","transform":{"x":-4529.73,"y":3373.14,"skX":-76.4495,"skY":-76.4525,"scX":0.9429,"scY":0.9992}}]},{"name":"pelvis","frame":[{"tweenEasing":"NaN","transform":{"x":-0.04,"y":-0.03}}]},{"name":"effects_2","frame":[{"tweenEasing":"NaN","transform":{"x":5.09,"y":6.74}}]},{"name":"chest","frame":[{"tweenEasing":"NaN","transform":{"x":-0.1,"y":-0.05,"skX":29.1728,"skY":29.2112,"scX":0.9994,"scY":0.9959}}]},{"name":"effects_1","frame":[{"tweenEasing":"NaN","transform":{"x":7.78,"y":-0.6}}]},{"name":"foot_r","frame":[{"tweenEasing":"NaN","event":"onGround"}]},{"name":"thigh_1_r","frame":[{"tweenEasing":"NaN","transform":{"x":-0.2,"y":-0.08,"skX":12.8028,"skY":12.8221,"scX":1.0186,"scY":0.9973}}]},{"name":"calf_r","frame":[{"tweenEasing":"NaN","transform":{"x":0.05,"y":0.49,"skX":-52.3736,"skY":-52.3704,"scX":1.0086,"scY":0.9991}}]},{"name":"thigh_r","frame":[{"tweenEasing":"NaN","transform":{"x":5011.54,"y":-3662.34,"skX":30.7865,"skY":30.7914,"scX":0.9828,"scY":1.0009}}]},{"name":"shouder_r","frame":[{"tweenEasing":"NaN","transform":{"x":-0.78,"y":-1.46,"skX":-5.0204,"skY":-5.0211}}]},{"name":"weapon_r","frame":[{"tweenEasing":"NaN","transform":{"x":0.2,"y":-0.18,"skX":-24.1901,"skY":-24.1901,"scX":1.0018,"scY":1.0006}}]}],"slot":[{"name":"root","frame":[{"tweenEasing":"NaN"}]},{"name":"weapon_l","frame":[{"tweenEasing":"NaN"}]},{"name":"shouder_l","frame":[{"tweenEasing":"NaN"}]},{"name":"foot_l","frame":[{"tweenEasing":"NaN"}]},{"name":"thigh_1_l","frame":[{"tweenEasing":"NaN"}]},{"name":"calf_l","frame":[{"tweenEasing":"NaN"}]},{"name":"thigh_l","frame":[{"tweenEasing":"NaN"}]},{"name":"pelvis","frame":[{"tweenEasing":"NaN"}]},{"name":"effects_2","frame":[{"displayIndex":-1,"tweenEasing":"NaN","color":{"aM":0}}]},{"name":"chest","frame":[{"tweenEasing":"NaN"}]},{"name":"effects_1","frame":[{"displayIndex":-1,"tweenEasing":"NaN","color":{"aM":0}}]},{"name":"foot_r","frame":[{"tweenEasing":"NaN"}]},{"name":"thigh_1_r","frame":[{"tweenEasing":"NaN"}]},{"name":"calf_r","frame":[{"tweenEasing":"NaN"}]},{"name":"thigh_r","frame":[{"tweenEasing":"NaN"}]},{"name":"shouder_r","frame":[{"tweenEasing":"NaN"}]},{"name":"weapon_r","frame":[{"tweenEasing":"NaN"}]}]},{"name":"squat","duration":1,"fadeInTime":0.1,"bone":[{"name":"root","frame":[{"tweenEasing":"NaN","transform":{"x":0.1,"y":38.1}}]},{"name":"weapon_l","frame":[{"tweenEasing":"NaN","transform":{"x":0.19,"y":-0.16,"skY":0.0009,"scX":1.0015,"scY":1.0004}}]},{"name":"shouder_l","frame":[{"tweenEasing":"NaN","transform":{"x":0.83,"y":0.9,"skX":-5.0198,"skY":-5.0198}}]},{"name":"foot_l","frame":[{"tweenEasing":"NaN"}]},{"name":"thigh_1_l","frame":[{"tweenEasing":"NaN","transform":{"x":0.43,"y":-0.13,"skX":54.3955,"skY":54.3917,"scX":1.0072,"scY":1.0019}}]},{"name":"calf_l","frame":[{"tweenEasing":"NaN","transform":{"y":0.26,"skX":25.3239,"skY":25.323,"scX":0.9961,"scY":1.0001}}]},{"name":"thigh_l","frame":[{"tweenEasing":"NaN","transform":{"x":-4529.73,"y":3373.14,"skX":-76.4495,"skY":-76.4525,"scX":0.9429,"scY":0.9992}}]},{"name":"pelvis","frame":[{"tweenEasing":"NaN","transform":{"x":-0.04,"y":-0.03}}]},{"name":"chest","frame":[{"tweenEasing":"NaN","transform":{"x":-0.1,"y":-0.05,"skX":4.9829,"skY":5.0198,"scX":0.9994,"scY":0.9959}}]},{"name":"foot_r","frame":[{"tweenEasing":"NaN"}]},{"name":"thigh_1_r","frame":[{"tweenEasing":"NaN","transform":{"x":-0.2,"y":-0.08,"skX":12.8028,"skY":12.8221,"scX":1.0186,"scY":0.9973}}]},{"name":"calf_r","frame":[{"tweenEasing":"NaN","transform":{"x":0.05,"y":0.49,"skX":-52.3736,"skY":-52.3704,"scX":1.0086,"scY":0.9991}}]},{"name":"thigh_r","frame":[{"tweenEasing":"NaN","transform":{"x":5011.54,"y":-3662.34,"skX":30.7865,"skY":30.7914,"scX":0.9828,"scY":1.0009}}]},{"name":"shouder_r","frame":[{"tweenEasing":"NaN","transform":{"x":-0.75,"y":-1.38,"skX":-5.0198,"skY":-5.0198}}]},{"name":"weapon_r","frame":[{"tweenEasing":"NaN","transform":{"x":0.21,"y":-0.22,"scX":1.001,"scY":1.0002}}]}],"slot":[{"name":"root","frame":[{"tweenEasing":"NaN"}]},{"name":"weapon_l","frame":[{"tweenEasing":"NaN"}]},{"name":"shouder_l","frame":[{"tweenEasing":"NaN"}]},{"name":"foot_l","frame":[{"tweenEasing":"NaN"}]},{"name":"thigh_1_l","frame":[{"tweenEasing":"NaN"}]},{"name":"calf_l","frame":[{"tweenEasing":"NaN"}]},{"name":"thigh_l","frame":[{"tweenEasing":"NaN"}]},{"name":"pelvis","frame":[{"tweenEasing":"NaN"}]},{"name":"chest","frame":[{"tweenEasing":"NaN"}]},{"name":"foot_r","frame":[{"tweenEasing":"NaN"}]},{"name":"thigh_1_r","frame":[{"tweenEasing":"NaN"}]},{"name":"calf_r","frame":[{"tweenEasing":"NaN"}]},{"name":"thigh_r","frame":[{"tweenEasing":"NaN"}]},{"name":"shouder_r","frame":[{"tweenEasing":"NaN"}]},{"name":"weapon_r","frame":[{"tweenEasing":"NaN"}]},{"name":"effects_2","frame":[{"displayIndex":-1,"tweenEasing":"NaN"}]},{"name":"effects_1","frame":[{"displayIndex":-1,"tweenEasing":"NaN"}]}]},{"name":"aimUp","duration":1,"fadeInTime":0.1,"bone":[{"name":"root","frame":[{"tweenEasing":"NaN","transform":{"x":-6.6,"y":21.15}}]},{"name":"weapon_l","frame":[{"tweenEasing":"NaN","transform":{"x":0.13,"y":-0.09,"skX":-20.5765,"skY":-20.5756,"scX":1.002,"scY":1.0007}}]},{"name":"shouder_l","frame":[{"tweenEasing":"NaN","transform":{"x":-0.79,"y":-0.41,"skX":-16.7092,"skY":-16.695,"scX":1.0004,"scY":1.0015}}]},{"name":"foot_l","frame":[{"tweenEasing":"NaN","transform":{"scX":1.0045}}]},{"name":"thigh_1_l","frame":[{"tweenEasing":"NaN","transform":{"x":-0.15,"y":-0.02,"skX":13.7996,"skY":13.8006,"scX":1.0075,"scY":1.0013}}]},{"name":"calf_l","frame":[{"tweenEasing":"NaN","transform":{"x":-0.52,"y":-0.04,"skX":-24.1062,"skY":-24.0984,"scX":0.9823,"scY":1.0018}}]},{"name":"thigh_l","frame":[{"tweenEasing":"NaN","transform":{"x":-3180.45,"y":1252.92,"skX":-5.0134,"skY":-5.0141,"scX":0.9986,"scY":1.0014}}]},{"name":"pelvis","frame":[{"tweenEasing":"NaN","transform":{"x":-0.02,"y":0.03,"skX":-23.2231,"skY":-23.2231}}]},{"name":"chest","frame":[{"tweenEasing":"NaN","transform":{"x":-0.06,"y":-0.11,"skX":-29.5028,"skY":-29.5002,"scX":0.9997,"scY":0.9995}}]},{"name":"foot_r","frame":[{"tweenEasing":"NaN","transform":{"scX":1.0045}}]},{"name":"thigh_1_r","frame":[{"tweenEasing":"NaN","transform":{"x":-0.71,"y":-0.16,"skX":16.0156,"skY":16.0143,"scX":0.9995,"scY":0.9995}}]},{"name":"calf_r","frame":[{"tweenEasing":"NaN","transform":{"x":0.75,"y":0.39,"skX":-31.54,"skY":-31.5368,"scX":1.0138,"scY":0.9997}}]},{"name":"thigh_r","frame":[{"tweenEasing":"NaN","transform":{"x":3469.53,"y":-770.98,"skX":7.2697,"skY":7.2648,"scX":1.011,"scY":1.0014}}]},{"name":"shouder_r","frame":[{"tweenEasing":"NaN","transform":{"x":0.69,"y":0.44,"skX":-16.7003,"skY":-16.6872,"scX":1.0004,"scY":1.0015}}]},{"name":"weapon_r","frame":[{"tweenEasing":"NaN","transform":{"x":0.2,"y":-0.07,"skX":-20.5843,"skY":-20.5843,"scX":1.0017,"scY":1.0005}}]}],"slot":[{"name":"root","frame":[{"tweenEasing":"NaN"}]},{"name":"weapon_l","frame":[{"tweenEasing":"NaN"}]},{"name":"shouder_l","frame":[{"tweenEasing":"NaN"}]},{"name":"foot_l","frame":[{"tweenEasing":"NaN"}]},{"name":"thigh_1_l","frame":[{"tweenEasing":"NaN"}]},{"name":"calf_l","frame":[{"tweenEasing":"NaN"}]},{"name":"thigh_l","frame":[{"tweenEasing":"NaN"}]},{"name":"pelvis","frame":[{"tweenEasing":"NaN"}]},{"name":"chest","frame":[{"tweenEasing":"NaN"}]},{"name":"foot_r","frame":[{"tweenEasing":"NaN"}]},{"name":"thigh_1_r","frame":[{"tweenEasing":"NaN"}]},{"name":"calf_r","frame":[{"tweenEasing":"NaN"}]},{"name":"thigh_r","frame":[{"tweenEasing":"NaN"}]},{"name":"shouder_r","frame":[{"tweenEasing":"NaN"}]},{"name":"weapon_r","frame":[{"tweenEasing":"NaN"}]},{"name":"effects_2","frame":[{"displayIndex":-1,"tweenEasing":"NaN"}]},{"name":"effects_1","frame":[{"displayIndex":-1,"tweenEasing":"NaN"}]}]},{"name":"aimDown","duration":1,"fadeInTime":0.1,"bone":[{"name":"root","frame":[{"tweenEasing":"NaN","transform":{"x":-6.6,"y":21.15}}]},{"name":"weapon_l","frame":[{"tweenEasing":"NaN","transform":{"x":-14.03,"y":7.3,"skX":13.8338,"skY":13.8346,"scX":1.002,"scY":1.0007}}]},{"name":"shouder_l","frame":[{"tweenEasing":"NaN","transform":{"x":9.53,"y":2.72,"skX":19.4945,"skY":19.5066,"scX":1.0004,"scY":1.0015}}]},{"name":"foot_l","frame":[{"tweenEasing":"NaN","transform":{"scX":1.0045}}]},{"name":"thigh_1_l","frame":[{"tweenEasing":"NaN","transform":{"x":-0.15,"y":-0.02,"skX":13.7996,"skY":13.8006,"scX":1.0075,"scY":1.0013}}]},{"name":"calf_l","frame":[{"tweenEasing":"NaN","transform":{"x":-0.52,"y":-0.04,"skX":-24.1062,"skY":-24.0984,"scX":0.9823,"scY":1.0018}}]},{"name":"thigh_l","frame":[{"tweenEasing":"NaN","transform":{"x":-3180.45,"y":1252.92,"skX":-5.0134,"skY":-5.0141,"scX":0.9986,"scY":1.0014}}]},{"name":"pelvis","frame":[{"tweenEasing":"NaN","transform":{"x":-0.02,"y":0.03,"skX":35.6959,"skY":35.6959}}]},{"name":"chest","frame":[{"tweenEasing":"NaN","transform":{"x":-0.1,"y":-0.12,"skX":20.9537,"skY":20.9586,"scX":0.9997,"scY":0.9995}}]},{"name":"foot_r","frame":[{"tweenEasing":"NaN","transform":{"scX":1.0045}}]},{"name":"thigh_1_r","frame":[{"tweenEasing":"NaN","transform":{"x":-0.71,"y":-0.16,"skX":16.0156,"skY":16.0143,"scX":0.9995,"scY":0.9995}}]},{"name":"calf_r","frame":[{"tweenEasing":"NaN","transform":{"x":0.75,"y":0.39,"skX":-31.54,"skY":-31.5368,"scX":1.0138,"scY":0.9997}}]},{"name":"thigh_r","frame":[{"tweenEasing":"NaN","transform":{"x":3469.53,"y":-770.98,"skX":7.2697,"skY":7.2648,"scX":1.011,"scY":1.0014}}]},{"name":"shouder_r","frame":[{"tweenEasing":"NaN","transform":{"x":-9.69,"y":-2.7,"skX":19.494,"skY":19.5068,"scX":1.0004,"scY":1.0015}}]},{"name":"weapon_r","frame":[{"tweenEasing":"NaN","transform":{"x":0.14,"y":-0.07,"skX":13.8335,"skY":13.8335,"scX":1.0017,"scY":1.0005}}]}],"slot":[{"name":"root","frame":[{"tweenEasing":"NaN"}]},{"name":"weapon_l","frame":[{"tweenEasing":"NaN"}]},{"name":"shouder_l","frame":[{"tweenEasing":"NaN"}]},{"name":"foot_l","frame":[{"tweenEasing":"NaN"}]},{"name":"thigh_1_l","frame":[{"tweenEasing":"NaN"}]},{"name":"calf_l","frame":[{"tweenEasing":"NaN"}]},{"name":"thigh_l","frame":[{"tweenEasing":"NaN"}]},{"name":"pelvis","frame":[{"tweenEasing":"NaN"}]},{"name":"chest","frame":[{"tweenEasing":"NaN"}]},{"name":"foot_r","frame":[{"tweenEasing":"NaN"}]},{"name":"thigh_1_r","frame":[{"tweenEasing":"NaN"}]},{"name":"calf_r","frame":[{"tweenEasing":"NaN"}]},{"name":"thigh_r","frame":[{"tweenEasing":"NaN"}]},{"name":"shouder_r","frame":[{"tweenEasing":"NaN"}]},{"name":"weapon_r","frame":[{"tweenEasing":"NaN"}]},{"name":"effects_2","frame":[{"displayIndex":-1,"tweenEasing":"NaN"}]},{"name":"effects_1","frame":[{"displayIndex":-1,"tweenEasing":"NaN"}]}]}]},{"name":"weapon_1005","bone":[{"name":"back","inheritScale":false,"transform":{"x":-29.5,"y":-1}},{"name":"front","inheritScale":false,"transform":{"x":42.5,"y":-1.95,"skX":-2.0013,"skY":-2.0013}},{"name":"firePoint","inheritScale":false,"transform":{"x":81,"y":-11}}],"slot":[{"name":"back","parent":"back"},{"name":"front","parent":"front"},{"name":"firePoint","parent":"firePoint"}],"skin":[{"slot":[{"name":"back","display":[{"name":"weapon_1005_folder/weapon_r_0"}]},{"name":"front","display":[{"name":"weapon_1005_folder/a_folder/boss_zhl.0001","transform":{"x":0.05,"y":0.05}},{"name":"weapon_1005_folder/a_folder/boss_zhl.0002","transform":{"x":0.05,"y":0.05}},{"name":"weapon_1005_folder/a_folder/boss_zhl.0003","transform":{"x":0.05,"y":0.05}},{"name":"weapon_1005_folder/a_folder/boss_zhl.0004","transform":{"x":0.05,"y":0.05}},{"name":"weapon_1005_folder/a_folder/boss_zhl.0005","transform":{"x":0.05,"y":0.05}}]},{"name":"firePoint","display":[{"name":"firePoint"}]}]}],"animation":[{"name":"idle","duration":1,"playTimes":0,"bone":[{"name":"back","frame":[{"tweenEasing":"NaN"}]},{"name":"front","frame":[{"tweenEasing":"NaN"}]},{"name":"firePoint","frame":[{"tweenEasing":"NaN"}]}],"slot":[{"name":"back","frame":[{"tweenEasing":"NaN"}]},{"name":"front","frame":[{"tweenEasing":"NaN"}]},{"name":"firePoint","frame":[{"tweenEasing":"NaN"}]}]},{"name":"prepare_01","duration":5,"playTimes":0,"bone":[{"name":"back","frame":[{"duration":5,"tweenEasing":"NaN"}]},{"name":"front","frame":[{"duration":5,"tweenEasing":"NaN"}]},{"name":"firePoint","frame":[{"duration":5,"tweenEasing":"NaN"}]}],"slot":[{"name":"back","frame":[{"duration":5,"tweenEasing":"NaN"}]},{"name":"front","frame":[{"tweenEasing":"NaN"},{"displayIndex":1,"tweenEasing":"NaN"},{"displayIndex":2,"tweenEasing":"NaN"},{"displayIndex":3,"tweenEasing":"NaN"},{"displayIndex":4,"tweenEasing":"NaN"}]},{"name":"firePoint","frame":[{"duration":5,"tweenEasing":"NaN"}]}]},{"name":"fire_01","duration":3,"bone":[{"name":"back","frame":[{"duration":3,"tweenEasing":"NaN"}]},{"name":"front","frame":[{"tweenEasing":"NaN","event":"onFire"},{"duration":2,"tweenEasing":"NaN"}]},{"name":"firePoint","frame":[{"duration":3,"tweenEasing":"NaN"}]}],"slot":[{"name":"back","frame":[{"duration":3,"tweenEasing":"NaN"}]},{"name":"front","frame":[{"tweenEasing":"NaN"},{"displayIndex":2,"tweenEasing":"NaN"},{"displayIndex":4,"tweenEasing":"NaN"}]},{"name":"firePoint","frame":[{"duration":3,"tweenEasing":"NaN"}]}]}]},{"name":"weapon_1005b","bone":[{"name":"back","inheritScale":false,"transform":{"x":-23.5,"y":-2}},{"name":"front","inheritScale":false,"transform":{"x":53,"y":-1.4,"skX":-2.7082,"skY":-2.7082,"scX":0.9999,"scY":0.9999}},{"name":"firePoint","inheritScale":false,"transform":{"x":104,"y":-13}}],"slot":[{"name":"back","parent":"back"},{"name":"front","parent":"front"},{"name":"firePoint","parent":"firePoint"}],"skin":[{"slot":[{"name":"back","display":[{"name":"weapon_1005_folder/weapon_r_1"}]},{"name":"front","display":[{"name":"weapon_1005_folder/b_folder/0","transform":{"x":0.05,"skX":-0.0009,"skY":-0.0009}},{"name":"weapon_1005_folder/b_folder/1","transform":{"x":0.05,"skX":-0.0009,"skY":-0.0009}},{"name":"weapon_1005_folder/b_folder/2","transform":{"skX":-0.0009,"skY":-0.0009}},{"name":"weapon_1005_folder/b_folder/3","transform":{"skX":-0.0009,"skY":-0.0009}},{"name":"weapon_1005_folder/b_folder/4","transform":{"x":0.05,"skX":-0.0009,"skY":-0.0009}}]},{"name":"firePoint","display":[{"name":"firePoint"}]}]}],"animation":[{"name":"idle","duration":1,"playTimes":0,"bone":[{"name":"back","frame":[{"tweenEasing":"NaN"}]},{"name":"front","frame":[{"tweenEasing":"NaN"}]},{"name":"firePoint","frame":[{"tweenEasing":"NaN"}]}],"slot":[{"name":"back","frame":[{"tweenEasing":"NaN"}]},{"name":"front","frame":[{"tweenEasing":"NaN"}]},{"name":"firePoint","frame":[{"tweenEasing":"NaN"}]}]},{"name":"prepare_01","duration":5,"playTimes":0,"bone":[{"name":"back","frame":[{"duration":5,"tweenEasing":"NaN"}]},{"name":"front","frame":[{"tweenEasing":"NaN"},{"tweenEasing":"NaN","transform":{"x":-0.5,"y":0.05}},{"tweenEasing":"NaN","transform":{"x":0.1,"y":0.05}},{"tweenEasing":"NaN","transform":{"y":-0.95}},{"tweenEasing":"NaN","transform":{"y":-0.45}}]},{"name":"firePoint","frame":[{"duration":5,"tweenEasing":"NaN"}]}],"slot":[{"name":"back","frame":[{"duration":5,"tweenEasing":"NaN"}]},{"name":"front","frame":[{"tweenEasing":"NaN"},{"displayIndex":1,"tweenEasing":"NaN"},{"displayIndex":2,"tweenEasing":"NaN"},{"displayIndex":3,"tweenEasing":"NaN"},{"displayIndex":4,"tweenEasing":"NaN"}]},{"name":"firePoint","frame":[{"duration":5,"tweenEasing":"NaN"}]}]},{"name":"fire_01","duration":3,"bone":[{"name":"back","frame":[{"duration":3,"tweenEasing":"NaN"}]},{"name":"front","frame":[{"tweenEasing":"NaN","event":"onFire"},{"tweenEasing":"NaN","transform":{"x":0.1,"y":0.05}},{"tweenEasing":"NaN","transform":{"y":-0.45}}]},{"name":"firePoint","frame":[{"duration":3,"tweenEasing":"NaN"}]}],"slot":[{"name":"back","frame":[{"duration":3,"tweenEasing":"NaN"}]},{"name":"front","frame":[{"tweenEasing":"NaN"},{"displayIndex":2,"tweenEasing":"NaN"},{"displayIndex":4,"tweenEasing":"NaN"}]},{"name":"firePoint","frame":[{"duration":3,"tweenEasing":"NaN"}]}]}]},{"name":"weapon_1005c","bone":[{"name":"back","inheritScale":false,"transform":{"x":-29,"y":-2}},{"name":"front","inheritScale":false,"transform":{"x":68.1,"y":-1.4,"skX":-2.4482,"skY":-2.4482}},{"name":"firePoint","inheritScale":false,"transform":{"x":133,"y":-12}}],"slot":[{"name":"back","parent":"back"},{"name":"front","parent":"front"},{"name":"firePoint","parent":"firePoint"}],"skin":[{"slot":[{"name":"back","display":[{"name":"weapon_1005_folder/weapon_r_2"}]},{"name":"front","display":[{"name":"weapon_1005_folder/c_folder/0","transform":{"y":0.05,"skX":-0.0009,"skY":-0.0009}},{"name":"weapon_1005_folder/c_folder/1","transform":{"y":0.05,"skX":-0.0009,"skY":-0.0009}},{"name":"weapon_1005_folder/c_folder/2","transform":{"y":0.05,"skX":-0.0009,"skY":-0.0009}},{"name":"weapon_1005_folder/c_folder/3","transform":{"y":0.05,"skX":-0.0009,"skY":-0.0009}},{"name":"weapon_1005_folder/c_folder/4","transform":{"x":0.05,"y":0.05,"skX":-0.0009,"skY":-0.0009}}]},{"name":"firePoint","display":[{"name":"firePoint"}]}]}],"animation":[{"name":"idle","duration":1,"playTimes":0,"bone":[{"name":"back","frame":[{"tweenEasing":"NaN"}]},{"name":"front","frame":[{"tweenEasing":"NaN"}]},{"name":"firePoint","frame":[{"tweenEasing":"NaN"}]}],"slot":[{"name":"back","frame":[{"tweenEasing":"NaN"}]},{"name":"front","frame":[{"tweenEasing":"NaN"}]},{"name":"firePoint","frame":[{"tweenEasing":"NaN"}]}]},{"name":"prepare_01","duration":5,"playTimes":0,"bone":[{"name":"back","frame":[{"duration":5,"tweenEasing":"NaN"}]},{"name":"front","frame":[{"duration":2,"tweenEasing":"NaN"},{"tweenEasing":"NaN","transform":{"y":-0.5}},{"tweenEasing":"NaN","transform":{"x":-0.05,"y":-0.5}},{"tweenEasing":"NaN"}]},{"name":"firePoint","frame":[{"duration":5,"tweenEasing":"NaN"}]}],"slot":[{"name":"back","frame":[{"duration":5,"tweenEasing":"NaN"}]},{"name":"front","frame":[{"tweenEasing":"NaN"},{"displayIndex":1,"tweenEasing":"NaN"},{"displayIndex":2,"tweenEasing":"NaN"},{"displayIndex":3,"tweenEasing":"NaN"},{"displayIndex":4,"tweenEasing":"NaN"}]},{"name":"firePoint","frame":[{"duration":5,"tweenEasing":"NaN"}]}]},{"name":"fire_01","duration":3,"bone":[{"name":"back","frame":[{"duration":3,"tweenEasing":"NaN"}]},{"name":"front","frame":[{"tweenEasing":"NaN","event":"onFire"},{"tweenEasing":"NaN","transform":{"y":-0.5}},{"tweenEasing":"NaN"}]},{"name":"firePoint","frame":[{"duration":3,"tweenEasing":"NaN"}]}],"slot":[{"name":"back","frame":[{"duration":3,"tweenEasing":"NaN"}]},{"name":"front","frame":[{"tweenEasing":"NaN"},{"displayIndex":2,"tweenEasing":"NaN"},{"displayIndex":4,"tweenEasing":"NaN"}]},{"name":"firePoint","frame":[{"duration":3,"tweenEasing":"NaN"}]}]}]},{"name":"weapon_1005d","bone":[{"name":"front","inheritScale":false,"transform":{"x":68.1,"y":-1.4,"skX":-2.4482,"skY":-2.4482}},{"name":"back","inheritScale":false,"transform":{"x":-38,"y":-5.5}},{"name":"firePoint","inheritScale":false,"transform":{"x":133,"y":-12}}],"slot":[{"name":"front","parent":"front"},{"name":"back","parent":"back"},{"name":"firePoint","parent":"firePoint"}],"skin":[{"slot":[{"name":"front","display":[{"name":"weapon_1005_folder/c_folder/0","transform":{"y":0.05,"skX":-0.0009,"skY":-0.0009}},{"name":"weapon_1005_folder/c_folder/1","transform":{"y":0.05,"skX":-0.0009,"skY":-0.0009}},{"name":"weapon_1005_folder/c_folder/2","transform":{"y":0.05,"skX":-0.0009,"skY":-0.0009}},{"name":"weapon_1005_folder/c_folder/3","transform":{"y":0.05,"skX":-0.0009,"skY":-0.0009}},{"name":"weapon_1005_folder/c_folder/4","transform":{"x":0.05,"y":0.05,"skX":-0.0009,"skY":-0.0009}}]},{"name":"back","display":[{"name":"weapon_1005_folder/weapon_r_3"}]},{"name":"firePoint","display":[{"name":"firePoint"}]}]}],"animation":[{"name":"idle","duration":1,"playTimes":0,"bone":[{"name":"front","frame":[{"tweenEasing":"NaN"}]},{"name":"back","frame":[{"tweenEasing":"NaN"}]},{"name":"firePoint","frame":[{"tweenEasing":"NaN"}]}],"slot":[{"name":"front","frame":[{"tweenEasing":"NaN"}]},{"name":"back","frame":[{"tweenEasing":"NaN"}]},{"name":"firePoint","frame":[{"tweenEasing":"NaN"}]}]},{"name":"prepare_01","duration":5,"playTimes":0,"bone":[{"name":"front","frame":[{"duration":2,"tweenEasing":"NaN"},{"tweenEasing":"NaN","transform":{"y":-0.5}},{"tweenEasing":"NaN","transform":{"x":-0.05,"y":-0.5}},{"tweenEasing":"NaN"}]},{"name":"back","frame":[{"duration":5,"tweenEasing":"NaN"}]},{"name":"firePoint","frame":[{"duration":5,"tweenEasing":"NaN"}]}],"slot":[{"name":"front","frame":[{"tweenEasing":"NaN"},{"displayIndex":1,"tweenEasing":"NaN"},{"displayIndex":2,"tweenEasing":"NaN"},{"displayIndex":3,"tweenEasing":"NaN"},{"displayIndex":4,"tweenEasing":"NaN"}]},{"name":"back","frame":[{"duration":5,"tweenEasing":"NaN"}]},{"name":"firePoint","frame":[{"duration":5,"tweenEasing":"NaN"}]}]},{"name":"fire_01","duration":3,"bone":[{"name":"front","frame":[{"tweenEasing":"NaN","event":"onFire"},{"tweenEasing":"NaN","transform":{"y":-0.5}},{"tweenEasing":"NaN"}]},{"name":"back","frame":[{"duration":3,"tweenEasing":"NaN"}]},{"name":"firePoint","frame":[{"duration":3,"tweenEasing":"NaN"}]}],"slot":[{"name":"front","frame":[{"tweenEasing":"NaN"},{"displayIndex":2,"tweenEasing":"NaN"},{"displayIndex":4,"tweenEasing":"NaN"}]},{"name":"back","frame":[{"duration":3,"tweenEasing":"NaN"}]},{"name":"firePoint","frame":[{"duration":3,"tweenEasing":"NaN"}]}]}]},{"name":"weapon_1005e","bone":[{"name":"front","inheritScale":false,"transform":{"x":126.1,"y":-0.4,"skX":-2.4482,"skY":-2.4482}},{"name":"back","inheritScale":false,"transform":{"x":-18,"y":-2}},{"name":"firePoint","inheritScale":false,"transform":{"x":191,"y":-11}}],"slot":[{"name":"front","parent":"front"},{"name":"back","parent":"back"},{"name":"firePoint","parent":"firePoint"}],"skin":[{"slot":[{"name":"front","display":[{"name":"weapon_1005_folder/c_folder/0","transform":{"y":0.05,"skX":-0.0009,"skY":-0.0009}},{"name":"weapon_1005_folder/c_folder/1","transform":{"y":0.05,"skX":-0.0009,"skY":-0.0009}},{"name":"weapon_1005_folder/c_folder/2","transform":{"y":0.05,"skX":-0.0009,"skY":-0.0009}},{"name":"weapon_1005_folder/c_folder/3","transform":{"y":0.05,"skX":-0.0009,"skY":-0.0009}},{"name":"weapon_1005_folder/c_folder/4","transform":{"x":0.05,"y":0.05,"skX":-0.0009,"skY":-0.0009}}]},{"name":"back","display":[{"name":"weapon_1005_folder/weapon_r_4"}]},{"name":"firePoint","display":[{"name":"firePoint"}]}]}],"animation":[{"name":"idle","duration":1,"playTimes":0,"bone":[{"name":"front","frame":[{"tweenEasing":"NaN"}]},{"name":"back","frame":[{"tweenEasing":"NaN"}]},{"name":"firePoint","frame":[{"tweenEasing":"NaN"}]}],"slot":[{"name":"front","frame":[{"tweenEasing":"NaN"}]},{"name":"back","frame":[{"tweenEasing":"NaN"}]},{"name":"firePoint","frame":[{"tweenEasing":"NaN"}]}]},{"name":"prepare_01","duration":5,"playTimes":0,"bone":[{"name":"front","frame":[{"duration":2,"tweenEasing":"NaN"},{"tweenEasing":"NaN","transform":{"y":-0.5}},{"tweenEasing":"NaN","transform":{"x":-0.05,"y":-0.5}},{"tweenEasing":"NaN"}]},{"name":"back","frame":[{"duration":5,"tweenEasing":"NaN"}]},{"name":"firePoint","frame":[{"duration":5,"tweenEasing":"NaN"}]}],"slot":[{"name":"front","frame":[{"tweenEasing":"NaN"},{"displayIndex":1,"tweenEasing":"NaN"},{"displayIndex":2,"tweenEasing":"NaN"},{"displayIndex":3,"tweenEasing":"NaN"},{"displayIndex":4,"tweenEasing":"NaN"}]},{"name":"back","frame":[{"duration":5,"tweenEasing":"NaN"}]},{"name":"firePoint","frame":[{"duration":5,"tweenEasing":"NaN"}]}]},{"name":"fire_01","duration":3,"bone":[{"name":"front","frame":[{"tweenEasing":"NaN","event":"onFire"},{"tweenEasing":"NaN","transform":{"y":-0.5}},{"tweenEasing":"NaN"}]},{"name":"back","frame":[{"duration":3,"tweenEasing":"NaN"}]},{"name":"firePoint","frame":[{"duration":3,"tweenEasing":"NaN"}]}],"slot":[{"name":"front","frame":[{"tweenEasing":"NaN"},{"displayIndex":2,"tweenEasing":"NaN"},{"displayIndex":4,"tweenEasing":"NaN"}]},{"name":"back","frame":[{"duration":3,"tweenEasing":"NaN"}]},{"name":"firePoint","frame":[{"duration":3,"tweenEasing":"NaN"}]}]}]},{"name":"weapon_1502b_l","bone":[{"name":"back","inheritScale":false,"transform":{"x":-11,"y":1,"skX":-1.9759,"skY":-1.9759}},{"name":"front","inheritScale":false,"transform":{"x":-10,"y":-1.05,"skX":-1.9759,"skY":-1.9759}},{"name":"firePoint","inheritScale":false,"transform":{"x":81,"y":-8}}],"slot":[{"name":"back","parent":"back"},{"name":"front","parent":"front"},{"name":"firePoint","parent":"firePoint"}],"skin":[{"slot":[{"name":"back","display":[{"name":"weapon_1502b_folder/back_l","transform":{"x":1}}]},{"name":"front","display":[{"name":"weapon_1502b_folder/image/paoguan_0001","transform":{"x":47}},{"name":"weapon_1502b_folder/image/paoguan_0002","transform":{"x":47}},{"name":"weapon_1502b_folder/image/paoguan_0003","transform":{"x":47}}]},{"name":"firePoint","display":[{"name":"firePoint"}]}]}],"animation":[{"name":"idle","duration":1,"bone":[{"name":"back","frame":[{"tweenEasing":"NaN"}]},{"name":"front","frame":[{"tweenEasing":"NaN"}]},{"name":"firePoint","frame":[{"tweenEasing":"NaN"}]}],"slot":[{"name":"back","frame":[{"tweenEasing":"NaN"}]},{"name":"front","frame":[{"tweenEasing":"NaN"}]},{"name":"firePoint","frame":[{"tweenEasing":"NaN"}]}]},{"name":"fire_01","duration":3,"bone":[{"name":"back","frame":[{"duration":3,"tweenEasing":"NaN"}]},{"name":"front","frame":[{"tweenEasing":"NaN","event":"onFire"},{"duration":2,"tweenEasing":"NaN"}]},{"name":"firePoint","frame":[{"duration":3,"tweenEasing":"NaN"}]}],"slot":[{"name":"back","frame":[{"duration":3,"tweenEasing":"NaN"}]},{"name":"front","frame":[{"tweenEasing":"NaN"},{"displayIndex":1,"tweenEasing":"NaN"},{"displayIndex":2,"tweenEasing":"NaN"}]},{"name":"firePoint","frame":[{"duration":3,"tweenEasing":"NaN"}]}]}]},{"name":"weapon_1502b_r","bone":[{"name":"back","inheritScale":false,"transform":{"x":-11,"y":1,"skX":-1.9759,"skY":-1.9759}},{"name":"front","inheritScale":false,"transform":{"x":-10,"y":-1.05,"skX":-1.9759,"skY":-1.9759}},{"name":"firePoint","inheritScale":false,"transform":{"x":81,"y":-7}}],"slot":[{"name":"back","parent":"back"},{"name":"front","parent":"front"},{"name":"firePoint","parent":"firePoint"}],"skin":[{"slot":[{"name":"back","display":[{"name":"weapon_1502b_folder/back_r","transform":{"x":0.5,"y":0.55}}]},{"name":"front","display":[{"name":"weapon_1502b_folder/image/paoguan_0001","transform":{"x":47}},{"name":"weapon_1502b_folder/image/paoguan_0002","transform":{"x":47}},{"name":"weapon_1502b_folder/image/paoguan_0003","transform":{"x":47}}]},{"name":"firePoint","display":[{"name":"firePoint"}]}]}],"animation":[{"name":"idle","duration":1,"bone":[{"name":"back","frame":[{"tweenEasing":"NaN"}]},{"name":"front","frame":[{"tweenEasing":"NaN"}]},{"name":"firePoint","frame":[{"tweenEasing":"NaN"}]}],"slot":[{"name":"back","frame":[{"tweenEasing":"NaN"}]},{"name":"front","frame":[{"tweenEasing":"NaN"}]},{"name":"firePoint","frame":[{"tweenEasing":"NaN"}]}]},{"name":"fire_01","duration":3,"bone":[{"name":"back","frame":[{"duration":3,"tweenEasing":"NaN"}]},{"name":"front","frame":[{"tweenEasing":"NaN","event":"onFire"},{"duration":2,"tweenEasing":"NaN"}]},{"name":"firePoint","frame":[{"duration":3,"tweenEasing":"NaN"}]}],"slot":[{"name":"back","frame":[{"duration":3,"tweenEasing":"NaN"}]},{"name":"front","frame":[{"tweenEasing":"NaN"},{"displayIndex":1,"tweenEasing":"NaN"},{"displayIndex":2,"tweenEasing":"NaN"}]},{"name":"firePoint","frame":[{"duration":3,"tweenEasing":"NaN"}]}]}]}]}