{
    "resources": [
        {
            "name": "dragonBonesData",
            "type": "json",
            "url": "assets/Knight/Knight.json"
        },
        {
            "name": "textureDataA",
            "type": "json",
            "url": "assets/Knight/Knight_texture_1.json"
        },
        {
            "name": "textureA",
            "type": "image",
            "url": "assets/Knight/Knight_texture_1.png"
        }
    ],
    "groups": [
        {
            "name": "preload",
            "keys": "dragonBonesData,textureDataA,textureA"
        }
    ]
}