{
    "resources": [
        {
            "name": "dragonBonesData",
            "type": "json",
            "url": "assets/ReplaceSlotDisplay/ReplaceSlotDisplay.json"
        },
        {
            "name": "textureDataA",
            "type": "json",
            "url": "assets/ReplaceSlotDisplay/texture.json"
        },
        {
            "name": "textureA",
            "type": "image",
            "url": "assets/ReplaceSlotDisplay/texture.png"
        },
		{
			"name": "textureRP",
			"type": "image",
			"url": "assets/ReplaceSlotDisplay/textureReplace.png"
		}
    ],
    "groups": [
        {
            "name": "preload",
            "keys": "dragonBonesData,textureDataA,textureA,textureRP"
        }
    ]
}