{"SubTexture":[{"width":60,"y":32,"height":60,"name":"display0001","x":817},{"width":270,"y":385,"height":160,"name":"display0005","x":1},{"width":270,"y":385,"height":160,"name":"display0009","x":273},{"width":203,"y":1,"height":29,"name":"weapon_1004_1","x":817},{"width":270,"y":193,"height":190,"name":"display0004","x":1},{"width":270,"y":1,"height":190,"name":"display0008","x":273},{"width":240,"y":193,"height":160,"name":"display0010","x":757},{"width":240,"y":193,"height":190,"name":"display0003","x":515},{"width":270,"y":1,"height":190,"name":"display0002","x":1},{"width":270,"y":1,"height":190,"name":"display0006","x":545},{"width":240,"y":193,"height":190,"name":"display0007","x":273}],"name":"ReplaceSlotDisplay","imagePath":"texture.png"}