{"name":"DragonBoy","frameRate":30,"version":"4.5","armature":[{"name":"DragonBoy","bone":[{"name":"armUpperL","inheritScale":false,"length":20.13,"parent":"body","transform":{"x":40.4,"y":-14.21,"skX":131.7716,"skY":131.7716,"scX":-1}},{"name":"armL","inheritScale":false,"length":13.28,"parent":"armUpperL","transform":{"x":20.14,"skX":-53.9278,"skY":-53.9278,"scX":-1}},{"name":"handL","inheritScale":false,"parent":"armL","transform":{"x":13.3,"y":0.03,"skX":-109.956,"skY":-109.956,"scX":-1}},{"name":"legL","inheritScale":false,"parent":"body","transform":{"x":1.16,"y":-19.97,"skX":-63.2793,"skY":-63.2793,"scX":-1}},{"name":"tailM","inheritScale":false,"parent":"tail","transform":{"x":66.9,"y":0.03,"skX":-38.6734,"skY":-28.6996,"scX":-1.0154}},{"name":"tail","inheritScale":false,"length":66.87,"parent":"body","transform":{"x":-10.22,"y":21.45,"skX":-46.1576,"skY":-46.1576,"scX":-1}},{"name":"body","inheritScale":false,"length":27.47,"transform":{"x":-3.95,"y":-32.5,"skX":93.2785,"skY":93.2785,"scX":-1}},{"name":"clothes","inheritScale":false,"parent":"body","transform":{"x":58.26,"y":-28.71,"skX":-93.2785,"skY":-93.2785,"scX":-1}},{"name":"legR","inheritScale":false,"parent":"body","transform":{"x":-1.12,"y":19.97,"skX":-93.2785,"skY":-93.2785,"scX":-1}},{"name":"hair","inheritScale":false,"parent":"head","transform":{"x":44.69,"y":32.1,"skX":-125.7111,"skY":-125.7111,"scX":-1}},{"name":"beardL","inheritScale":false,"parent":"head","transform":{"x":31.74,"y":-29.55,"skX":-125.7111,"skY":-125.7111,"scX":-1}},{"name":"head","inheritScale":false,"length":34.61,"parent":"body","transform":{"x":64.31,"y":14.2,"skX":32.4325,"skY":32.4325,"scX":-1}},{"name":"beardR","inheritScale":false,"parent":"head","transform":{"x":17.39,"y":-12.16,"skX":-125.7111,"skY":-125.7111,"scX":-1}},{"name":"eyeR","inheritScale":false,"parent":"head","transform":{"x":33.18,"y":12.13,"skX":-125.7111,"skY":-125.7111,"scX":-1}},{"name":"eyeL","inheritScale":false,"parent":"head","transform":{"x":46.19,"y":-2.54,"skX":-125.7111,"skY":-125.7111,"scX":-0.7,"scY":0.8}},{"name":"armUpperR","inheritScale":false,"length":29.73,"parent":"body","transform":{"x":39.67,"y":7.28,"skX":-133.6394,"skY":-133.6394,"scX":-1}},{"name":"armR","inheritScale":false,"length":13.65,"parent":"armUpperR","transform":{"x":29.74,"y":0.01,"skX":-101.2581,"skY":-101.2581,"scX":-1}},{"name":"handR","inheritScale":false,"parent":"armR","transform":{"x":13.62,"y":-0.03,"skX":81.6195,"skY":81.6195,"scX":-1}}],"slot":[{"name":"armUpperL","parent":"armUpperL"},{"name":"armL","parent":"armL"},{"name":"handL","parent":"handL"},{"name":"legL","parent":"legL"},{"name":"tailM","parent":"tailM"},{"name":"tail","parent":"tail"},{"name":"body","parent":"body"},{"name":"clothes","parent":"clothes"},{"name":"legR","parent":"legR"},{"name":"hair","parent":"hair"},{"name":"beardL","parent":"beardL"},{"name":"head","parent":"head"},{"name":"beardR","parent":"beardR"},{"name":"eyeR","parent":"eyeR"},{"name":"eyeL","parent":"eyeL"},{"name":"armUpperR","parent":"armUpperR"},{"name":"armR","parent":"armR"},{"name":"handR","parent":"handR"}],"skin":[{"slot":[{"name":"armUpperL","display":[{"name":"DragonBoyFolder/armUpperL","transform":{"x":8.5,"y":1.75,"skX":-156.6405,"skY":-156.6405}}]},{"name":"armL","display":[{"name":"DragonBoyFolder/armL","transform":{"x":5.2,"y":0.3,"skX":109.9557,"skY":109.9557}}]},{"name":"handL","display":[{"name":"DragonBoyFolder/handL","transform":{"x":-7.47,"y":-5.22}}]},{"name":"legL","display":[{"name":"DragonBoyFolder/legL","transform":{"x":-16.27,"y":9.03}}]},{"name":"tailM","display":[{"name":"DragonBoyFolder/tailM","transform":{"x":3.02,"y":-21}}]},{"name":"tail","display":[{"name":"DragonBoyFolder/tail","transform":{"x":34.55,"y":-2.1,"skX":47.1209,"skY":47.1209}}]},{"name":"body","display":[{"name":"DragonBoyFolder/body","transform":{"x":21.55,"y":4,"skX":93.2777,"skY":93.2777}}]},{"name":"clothes","display":[{"name":"DragonBoyFolder/clothes1","transform":{"x":26,"y":21.75}}]},{"name":"legR","display":[{"name":"DragonBoyFolder/legR","transform":{"x":4,"y":19.25}}]},{"name":"hair","display":[{"name":"DragonBoyFolder/hair","transform":{"x":15.5,"y":35.25}}]},{"name":"beardL","display":[{"name":"DragonBoyFolder/beardL","transform":{"x":-13.75,"y":2}}]},{"name":"head","display":[{"name":"DragonBoyFolder/head","transform":{"x":29.65,"y":11.8,"skX":125.7111,"skY":125.7111}}]},{"name":"beardR","display":[{"name":"DragonBoyFolder/beardR","transform":{"x":16,"y":0.5}}]},{"name":"eyeR","display":[{"name":"DragonBoyFolder/eye","transform":{"y":-0.25}}]},{"name":"eyeL","display":[{"name":"DragonBoyFolder/eye","transform":{"y":-0.25}}]},{"name":"armUpperR","display":[{"name":"DragonBoyFolder/armUpperR","transform":{"x":15.2,"y":1.95,"skX":19.6377,"skY":19.6382}}]},{"name":"armR","display":[{"name":"DragonBoyFolder/armR","transform":{"x":5.1,"y":-2,"skX":-81.6199,"skY":-81.6192}}]},{"name":"handR","display":[{"name":"DragonBoyFolder/handR","transform":{"x":-0.28,"y":4.75,"skX":-0.0009}}]}]}],"animation":[{"name":"stand","scale":20,"duration":2,"fadeInTime":0.2,"playTimes":0,"bone":[{"name":"armUpperL","offset":0.9,"frame":[{"tweenEasing":2,"transform":{}},{"tweenEasing":2,"transform":{"y":-0.01,"skX":-15.0008,"skY":-15.0008}}]},{"name":"armL","frame":[{"tweenEasing":2,"transform":{}},{"tweenEasing":2,"transform":{"y":-0.05,"skX":0.0014,"skY":0.0014}}]},{"name":"handL","frame":[{"tweenEasing":2,"transform":{}},{"tweenEasing":2,"transform":{"x":0.01,"y":-0.07,"skX":0.0001,"skY":0.0001}}]},{"name":"legL","frame":[{"tweenEasing":2,"transform":{}},{"tweenEasing":2,"transform":{"x":-2.5,"y":-0.15}}]},{"name":"tailM","frame":[{"tweenEasing":2,"transform":{}},{"tweenEasing":2,"transform":{"x":-0.05,"y":-0.03,"skX":-8.3004,"skY":-31.5063,"scX":0.9838,"scY":0.9996}}]},{"name":"tail","offset":0.9,"frame":[{"tweenEasing":2,"transform":{}},{"tweenEasing":2,"transform":{"y":-0.01,"skX":-6.4512,"skY":-6.4512}}]},{"name":"body","frame":[{"tweenEasing":2,"transform":{}},{"tweenEasing":2,"transform":{"y":-2.5}}]},{"name":"clothes","frame":[{"tweenEasing":2,"transform":{}},{"tweenEasing":2,"transform":{"x":0.47,"y":0.52}}]},{"name":"legR","frame":[{"tweenEasing":2,"transform":{}},{"tweenEasing":2,"transform":{"x":-2.5,"y":-0.15}}]},{"name":"hair","frame":[{"tweenEasing":2,"transform":{}},{"tweenEasing":2,"transform":{"x":2.82,"y":2.01,"skX":-0.0006,"skY":-13.753,"scX":1.0295}}]},{"name":"beardL","frame":[{"tweenEasing":2,"transform":{}},{"tweenEasing":2,"transform":{"y":-0.04,"skX":22.4939,"skY":22.4939}}]},{"name":"head","offset":0.9,"frame":[{"tweenEasing":2,"transform":{}},{"tweenEasing":2,"transform":{"x":1.27,"y":0.42,"skX":-3.9405,"skY":-3.9405}}]},{"name":"beardR","frame":[{"tweenEasing":2,"transform":{}},{"tweenEasing":2,"transform":{"x":-0.01,"y":-0.03,"skX":-15.0002,"skY":-15.0002}}]},{"name":"eyeR","frame":[{"tweenEasing":2,"transform":{}},{"tweenEasing":2,"transform":{"x":-0.02,"y":-0.05,"skX":-0.0006,"skY":-0.0006}}]},{"name":"eyeL","frame":[{"tweenEasing":2,"transform":{}},{"tweenEasing":2,"transform":{"x":-0.02,"y":-0.06,"skX":0.0003,"skY":-0.0006}}]},{"name":"armUpperR","offset":0.9,"frame":[{"tweenEasing":2,"transform":{}},{"tweenEasing":2,"transform":{"y":-0.01,"skX":10.9804,"skY":10.98}}]},{"name":"armR","frame":[{"tweenEasing":2,"transform":{}},{"tweenEasing":2,"transform":{"y":-0.02,"skX":15.0007,"skY":15.0007}}]},{"name":"handR","frame":[{"tweenEasing":2,"transform":{}},{"tweenEasing":2,"transform":{"x":0.04,"y":-0.01,"skX":-0.0007,"skY":-0.0013}}]}],"slot":[{"name":"armUpperL","frame":[{"duration":2,"tweenEasing":"NaN"}]},{"name":"armL","frame":[{"duration":2,"tweenEasing":"NaN"}]},{"name":"handL","frame":[{"duration":2,"tweenEasing":"NaN"}]},{"name":"legL","frame":[{"duration":2,"tweenEasing":"NaN"}]},{"name":"tailM","frame":[{"duration":2,"tweenEasing":"NaN"}]},{"name":"tail","frame":[{"duration":2,"tweenEasing":"NaN"}]},{"name":"body","frame":[{"duration":2,"tweenEasing":"NaN"}]},{"name":"clothes","frame":[{"duration":2,"tweenEasing":"NaN"}]},{"name":"legR","frame":[{"duration":2,"tweenEasing":"NaN"}]},{"name":"hair","frame":[{"duration":2,"tweenEasing":"NaN"}]},{"name":"beardL","frame":[{"duration":2,"tweenEasing":"NaN"}]},{"name":"head","frame":[{"duration":2,"tweenEasing":"NaN"}]},{"name":"beardR","frame":[{"duration":2,"tweenEasing":"NaN"}]},{"name":"eyeR","frame":[{"duration":2,"tweenEasing":"NaN"}]},{"name":"eyeL","frame":[{"duration":2,"tweenEasing":"NaN"}]},{"name":"armUpperR","frame":[{"duration":2,"tweenEasing":"NaN"}]},{"name":"armR","frame":[{"duration":2,"tweenEasing":"NaN"}]},{"name":"handR","frame":[{"duration":2,"tweenEasing":"NaN"}]}]},{"name":"walk","scale":15,"duration":2,"fadeInTime":0.2,"playTimes":0,"bone":[{"name":"armUpperL","offset":0.95,"frame":[{"tweenEasing":2,"transform":{"x":3.65,"y":-2.32,"skX":-51.6883,"skY":-51.6883}},{"tweenEasing":2,"transform":{"x":4.73,"y":4.78,"skX":120.5795,"skY":120.5795}}]},{"name":"armL","frame":[{"tweenEasing":2,"transform":{"x":0.03,"y":-0.04,"skX":-17.7776,"skY":-17.7776}},{"tweenEasing":2,"transform":{"y":-0.02,"skX":32.9822,"skY":32.9822}}]},{"name":"handL","frame":[{"tweenEasing":2,"transform":{"x":-0.04,"y":0.03,"skX":-44.9998,"skY":-44.9998}},{"tweenEasing":2,"transform":{"x":-0.06,"y":-0.04,"skX":0.0009,"skY":0.0009}}]},{"name":"legL","frame":[{"tweenEasing":2,"transform":{"x":-13.33,"y":14.24,"skX":90,"skY":114.7428,"scX":1.1011}},{"tweenEasing":2,"transform":{"x":2.3,"y":3.64,"skX":-84.0208,"skY":-59.9984,"scY":1.0948}}]},{"name":"tailM","scale":0.5,"offset":0.8,"frame":[{"tweenEasing":2,"transform":{"x":0.31,"y":0.36,"skX":-1.1443,"skY":17.4235,"scX":0.9833,"scY":0.9996}},{"tweenEasing":2,"transform":{"x":0.96,"y":-1.3,"skX":-23.578,"skY":-64.149,"scX":0.9837,"scY":0.9984}}]},{"name":"tail","scale":0.5,"offset":0.8,"frame":[{"tweenEasing":2,"transform":{"x":0.01,"y":-0.02}},{"tweenEasing":2,"transform":{"x":2.2,"y":-3.38,"skX":-21.4462,"skY":-21.4462}}]},{"name":"body","scale":0.5,"frame":[{"tweenEasing":2,"transform":{"y":-25}},{"tweenEasing":2,"transform":{}}]},{"name":"clothes","scale":0.5,"frame":[{"tweenEasing":2,"transform":{"x":0.48,"y":0.51}},{"tweenEasing":2,"transform":{"x":-0.03,"y":0.5}}]},{"name":"legR","frame":[{"tweenEasing":2,"transform":{"x":-1.93,"y":-1.13,"skX":-95.1313,"skY":-74.9978,"scY":1.0651}},{"tweenEasing":2,"transform":{"x":-7.19,"y":3.09,"skX":63.2736,"skY":44.9996,"scY":1.0531}}]},{"name":"hair","scale":0.5,"offset":0.8,"frame":[{"tweenEasing":2,"transform":{"x":-4.14,"y":-2.92,"skX":-0.0006,"skY":28.4571,"scX":1.1374}},{"tweenEasing":2,"transform":{"x":4.06,"y":2.92,"skX":-0.0007,"skY":-20.0012}}]},{"name":"beardL","scale":0.5,"offset":0.7,"frame":[{"tweenEasing":2,"transform":{"x":-0.07,"y":0.01,"skX":-22.506,"skY":-22.506,"scX":0.9999,"scY":0.9999}},{"tweenEasing":2,"transform":{"skX":67.4927,"skY":67.4927}}]},{"name":"head","scale":0.5,"offset":0.9,"frame":[{"tweenEasing":2,"transform":{"x":-0.64,"y":0.77,"skX":-9.9996,"skY":-9.9996}},{"tweenEasing":2,"transform":{"skX":-0.0002,"skY":-0.0002}}]},{"name":"beardR","scale":0.5,"offset":0.7,"frame":[{"tweenEasing":2,"transform":{"x":-0.06,"y":-0.01,"skX":30.0002,"skY":30.0002}},{"tweenEasing":2,"transform":{"skX":-59.9993,"skY":-59.9993}}]},{"name":"eyeR","scale":0.5,"frame":[{"tweenEasing":2,"transform":{"x":1.82,"y":-1.74,"skX":-0.0006,"skY":-0.0006}},{"tweenEasing":2,"transform":{"x":1.06,"y":-2.32,"skX":-0.0007,"skY":-0.0007}}]},{"name":"eyeL","scale":0.5,"frame":[{"tweenEasing":2,"transform":{"x":1.81,"y":-1.74,"skX":-0.0006,"skY":-0.0006}},{"tweenEasing":2,"transform":{"x":1.06,"y":-2.32,"skX":-0.0007,"skY":-0.0007}}]},{"name":"armUpperR","offset":0.95,"frame":[{"tweenEasing":2,"transform":{"x":0.01,"y":-0.02,"skX":74.9979,"skY":74.9979}},{"tweenEasing":2,"transform":{"x":6.52,"y":-0.13,"skX":-98.7321,"skY":-98.7321}}]},{"name":"armR","frame":[{"tweenEasing":2,"transform":{"x":0.02,"y":-0.07,"skX":24.2011,"skY":24.2011}},{"tweenEasing":2,"transform":{"x":0.16,"y":2.15,"skX":45.0009,"skY":45.0009}}]},{"name":"handR","frame":[{"tweenEasing":2,"transform":{"x":0.02,"y":0.04,"skX":-29.9991,"skY":-29.9991}},{"tweenEasing":2,"transform":{"x":0.01,"y":-0.01,"skX":44.9992,"skY":44.9992}}]}],"slot":[{"name":"armUpperL","frame":[{"duration":2,"tweenEasing":"NaN"}]},{"name":"armL","frame":[{"duration":2,"tweenEasing":"NaN"}]},{"name":"handL","frame":[{"duration":2,"tweenEasing":"NaN"}]},{"name":"legL","frame":[{"duration":2,"tweenEasing":"NaN"}]},{"name":"tailM","frame":[{"duration":2,"tweenEasing":"NaN"}]},{"name":"tail","frame":[{"duration":2,"tweenEasing":"NaN"}]},{"name":"body","frame":[{"duration":2,"tweenEasing":"NaN"}]},{"name":"clothes","frame":[{"duration":2,"tweenEasing":"NaN"}]},{"name":"legR","frame":[{"duration":2,"tweenEasing":"NaN"}]},{"name":"hair","frame":[{"duration":2,"tweenEasing":"NaN"}]},{"name":"beardL","frame":[{"duration":2,"tweenEasing":"NaN"}]},{"name":"head","frame":[{"duration":2,"tweenEasing":"NaN"}]},{"name":"beardR","frame":[{"duration":2,"tweenEasing":"NaN"}]},{"name":"eyeR","frame":[{"duration":2,"tweenEasing":"NaN"}]},{"name":"eyeL","frame":[{"duration":2,"tweenEasing":"NaN"}]},{"name":"armUpperR","frame":[{"duration":2,"tweenEasing":"NaN"}]},{"name":"armR","frame":[{"duration":2,"tweenEasing":"NaN"}]},{"name":"handR","frame":[{"duration":2,"tweenEasing":"NaN"}]}]},{"name":"squat","scale":20,"duration":2,"fadeInTime":0.2,"playTimes":0,"bone":[{"name":"armUpperL","frame":[{"duration":2,"tweenEasing":"NaN","transform":{"x":11.75,"y":4.9,"skX":-72.0126,"skY":-72.0126}}]},{"name":"armL","frame":[{"duration":2,"tweenEasing":"NaN","transform":{"x":-0.04,"y":-0.06,"skX":21.2422,"skY":21.2402}}]},{"name":"handL","frame":[{"duration":2,"tweenEasing":"NaN","transform":{"x":0.01,"y":-0.01,"skX":-54.9938,"skY":-54.9925}}]},{"name":"legL","frame":[{"duration":2,"tweenEasing":"NaN","transform":{"x":13.14,"y":29.79,"skX":-59.9987,"skY":-59.9987}}]},{"name":"tailM","offset":0.9,"frame":[{"tweenEasing":2,"transform":{"x":2.54,"y":-0.07,"skX":-2.7322,"skY":15.3639,"scX":0.9847,"scY":0.9988}},{"tweenEasing":2,"transform":{"x":-0.29,"y":-1.42,"skX":-24.5567,"skY":-68.096,"scX":0.9836,"scY":0.9985}}]},{"name":"tail","frame":[{"tweenEasing":2,"transform":{"x":3.39,"y":-5.19,"skX":-74.9982,"skY":-74.9982}},{"tweenEasing":2,"transform":{"x":3.39,"y":-5.19,"skX":-89.9961,"skY":-89.9961}}]},{"name":"body","frame":[{"duration":2,"tweenEasing":"NaN","transform":{"x":-3.5,"y":14,"skX":74.998,"skY":74.9982}}]},{"name":"clothes","frame":[{"duration":2,"tweenEasing":"NaN","transform":{"x":0.49,"y":0.37,"skX":0.0013,"skY":0.0013}}]},{"name":"legR","frame":[{"duration":2,"tweenEasing":"NaN","transform":{"x":-5.98,"y":-0.08,"skX":-59.9992,"skY":-59.9992}}]},{"name":"hair","frame":[{"tweenEasing":2,"transform":{"x":0.82,"y":0.55,"skX":0.0007,"skY":16.5556,"scX":1.0432}},{"tweenEasing":2,"transform":{"x":0.74,"y":0.58,"skX":-0.0001,"skY":16.555,"scX":1.0432}}]},{"name":"beardL","frame":[{"tweenEasing":2,"transform":{"x":-0.01,"y":-0.01,"skX":22.4941,"skY":22.4941}},{"tweenEasing":2,"transform":{"x":-0.06,"skX":13.2681,"skY":13.2681}}]},{"name":"head","scale":0.5,"frame":[{"tweenEasing":2,"transform":{"x":-4.69,"y":-20.01,"skX":-65.7618,"skY":-65.7618}},{"tweenEasing":2,"transform":{"x":-4.16,"y":-19.91,"skX":-60.5396,"skY":-60.5396}}]},{"name":"beardR","frame":[{"tweenEasing":2,"transform":{"x":0.01,"skX":-29.9983,"skY":-29.9983}},{"tweenEasing":2,"transform":{"x":-0.08,"y":-0.01,"skX":-24.7586,"skY":-24.7586}}]},{"name":"eyeR","frame":[{"tweenEasing":2,"transform":{"x":1.86,"y":-1.76,"skX":0.0007,"skY":0.0007}},{"tweenEasing":2,"transform":{"x":2.19,"y":-1.46,"skX":-0.0001,"skY":-0.0001}}]},{"name":"eyeL","frame":[{"tweenEasing":2,"transform":{"x":1.85,"y":-1.74,"skX":0.0015,"skY":0.0015}},{"tweenEasing":2,"transform":{"x":2.19,"y":-1.45,"skX":-0.0001,"skY":-0.0001}}]},{"name":"armUpperR","scale":0.5,"offset":0.10000000000000009,"frame":[{"tweenEasing":2,"transform":{"x":-2.51,"y":1.2,"skX":-150.2099,"skY":-150.2107}},{"tweenEasing":2,"transform":{"x":-2.51,"y":1.2,"skX":-144.2263,"skY":-144.2282}}]},{"name":"armR","frame":[{"tweenEasing":2,"transform":{"x":1.31,"y":3.6,"skX":89.9992,"skY":90.0019}},{"tweenEasing":2,"transform":{"x":-0.4,"y":3.51,"skX":84.0168,"skY":84.0194}}]},{"name":"handR","frame":[{"tweenEasing":2,"transform":{"x":-0.36,"y":3.63,"skX":38.7031,"skY":38.7014}},{"tweenEasing":2,"transform":{"x":-0.36,"y":3.63,"skX":38.7031,"skY":38.7014}}]}],"slot":[{"name":"armUpperL","frame":[{"duration":2,"tweenEasing":"NaN"}]},{"name":"armL","frame":[{"duration":2,"tweenEasing":"NaN"}]},{"name":"handL","frame":[{"duration":2,"tweenEasing":"NaN"}]},{"name":"legL","frame":[{"duration":2,"tweenEasing":"NaN"}]},{"name":"tailM","frame":[{"duration":2,"tweenEasing":"NaN"}]},{"name":"tail","frame":[{"duration":2,"tweenEasing":"NaN"}]},{"name":"body","frame":[{"duration":2,"tweenEasing":"NaN"}]},{"name":"clothes","frame":[{"duration":2,"tweenEasing":"NaN"}]},{"name":"legR","frame":[{"duration":2,"tweenEasing":"NaN"}]},{"name":"hair","frame":[{"duration":2,"tweenEasing":"NaN"}]},{"name":"beardL","frame":[{"duration":2,"tweenEasing":"NaN"}]},{"name":"head","frame":[{"duration":2,"tweenEasing":"NaN"}]},{"name":"beardR","frame":[{"duration":2,"tweenEasing":"NaN"}]},{"name":"eyeR","frame":[{"duration":2,"tweenEasing":"NaN"}]},{"name":"eyeL","frame":[{"duration":2,"tweenEasing":"NaN"}]},{"name":"armUpperR","frame":[{"duration":2,"tweenEasing":"NaN"}]},{"name":"armR","frame":[{"duration":2,"tweenEasing":"NaN"}]},{"name":"handR","frame":[{"duration":2,"tweenEasing":"NaN"}]}]},{"name":"jump","scale":3,"duration":2,"fadeInTime":0.3,"playTimes":0,"bone":[{"name":"armUpperL","frame":[{"duration":2,"tweenEasing":"NaN","transform":{"x":-3.41,"y":-1.71,"skX":19.0392,"skY":19.0392}}]},{"name":"armL","frame":[{"duration":2,"tweenEasing":"NaN","transform":{"x":0.01,"y":0.01,"skX":36.4988,"skY":36.4988}}]},{"name":"handL","frame":[{"duration":2,"tweenEasing":"NaN","transform":{"x":0.02,"y":0.01,"skX":-0.0004,"skY":-0.0004}}]},{"name":"legL","frame":[{"duration":2,"tweenEasing":"NaN","transform":{"x":-7.74,"y":6.06,"skX":25.3971,"skY":45.0445,"scY":1.0618}}]},{"name":"tailM","frame":[{"tweenEasing":2,"transform":{"x":-0.97,"y":0.27,"skX":-27.8572,"skY":-56.148,"scX":0.9847,"scY":0.9992}},{"tweenEasing":2,"transform":{"x":-2.09,"y":-0.6,"skX":-38.6564,"skY":-66.9478,"scX":0.9847,"scY":0.9992}}]},{"name":"tail","frame":[{"tweenEasing":2,"transform":{"x":6.17,"y":-3.66,"skX":-64.0708,"skY":-70.5076,"scX":1.2177,"scY":0.8264}},{"tweenEasing":2,"transform":{"x":6.17,"y":-3.66,"skX":-68.2697,"skY":-74.7073,"scX":1.2177,"scY":0.8264}}]},{"name":"body","frame":[{"duration":2,"tweenEasing":"NaN","transform":{"y":-1.5,"skX":-14.1106,"skY":-0.0459,"scX":1.0142,"scY":1.0165}}]},{"name":"clothes","frame":[{"duration":2,"tweenEasing":"NaN","transform":{"x":-11.41,"y":-3.52,"skX":-0.1945,"skY":-0.1945}}]},{"name":"legR","frame":[{"duration":2,"tweenEasing":"NaN","transform":{"x":-2.22,"y":-3.64,"skX":10.5803,"skY":30.0452,"scY":1.0606}}]},{"name":"hair","frame":[{"tweenEasing":2,"transform":{"x":6.73,"y":-0.07,"skX":6.5952,"skY":-12.4524,"scX":1.199,"scY":0.9986}},{"tweenEasing":2,"transform":{"x":6.73,"y":-0.07,"skX":6.5952,"skY":-5.458,"scX":1.1589,"scY":0.9986}}]},{"name":"beardL","frame":[{"tweenEasing":2,"transform":{"x":-0.06,"y":-0.06,"skX":85.746,"skY":103.4341,"scX":1.0382,"scY":0.957}},{"tweenEasing":2,"transform":{"x":-0.06,"y":-0.06,"skX":100.7455,"skY":118.4335,"scX":1.0382,"scY":0.957}}]},{"name":"head","frame":[{"duration":2,"tweenEasing":"NaN","transform":{"x":-5.75,"y":-18.39,"skX":-42.4014,"skY":-36.4086,"scX":1.1372,"scY":0.837}}]},{"name":"beardR","frame":[{"tweenEasing":2,"transform":{"x":-0.06,"y":-0.03,"skX":-27.1956,"skY":-36.5818,"scX":1.1258,"scY":0.8522}},{"tweenEasing":2,"transform":{"x":-0.06,"y":-0.03,"skX":-18.4177,"skY":-27.8046,"scX":1.1258,"scY":0.8522}}]},{"name":"eyeR","frame":[{"duration":2,"tweenEasing":"NaN","transform":{"x":1.79,"y":-1.8,"skX":6.5952,"skY":-11.6785,"scX":0.9984,"scY":0.9986}}]},{"name":"eyeL","frame":[{"duration":2,"tweenEasing":"NaN","transform":{"x":1.81,"y":-1.8,"skX":6.5958,"skY":-11.6785,"scX":0.9984,"scY":0.9986}}]},{"name":"armUpperR","frame":[{"duration":2,"tweenEasing":"NaN","transform":{"x":-1.97,"y":-1.12,"skX":-14.9525,"skY":-14.953}}]},{"name":"armR","frame":[{"duration":2,"tweenEasing":"NaN","transform":{"x":2.4,"y":3.48,"skX":90.0007,"skY":90.001}}]},{"name":"handR","frame":[{"duration":2,"tweenEasing":"NaN","transform":{"x":0.16,"y":-1.54,"skX":-74.9995,"skY":-75.0001}}]}],"slot":[{"name":"armUpperL","frame":[{"duration":2,"tweenEasing":"NaN"}]},{"name":"armL","frame":[{"duration":2,"tweenEasing":"NaN"}]},{"name":"handL","frame":[{"duration":2,"tweenEasing":"NaN"}]},{"name":"legL","frame":[{"duration":2,"tweenEasing":"NaN"}]},{"name":"tailM","frame":[{"duration":2,"tweenEasing":"NaN"}]},{"name":"tail","frame":[{"duration":2,"tweenEasing":"NaN"}]},{"name":"body","frame":[{"duration":2,"tweenEasing":"NaN"}]},{"name":"clothes","frame":[{"duration":2,"tweenEasing":"NaN"}]},{"name":"legR","frame":[{"duration":2,"tweenEasing":"NaN"}]},{"name":"hair","frame":[{"duration":2,"tweenEasing":"NaN"}]},{"name":"beardL","frame":[{"duration":2,"tweenEasing":"NaN"}]},{"name":"head","frame":[{"duration":2,"tweenEasing":"NaN"}]},{"name":"beardR","frame":[{"duration":2,"tweenEasing":"NaN"}]},{"name":"eyeR","frame":[{"duration":2,"tweenEasing":"NaN"}]},{"name":"eyeL","frame":[{"duration":2,"tweenEasing":"NaN"}]},{"name":"armUpperR","frame":[{"duration":2,"tweenEasing":"NaN"}]},{"name":"armR","frame":[{"duration":2,"tweenEasing":"NaN"}]},{"name":"handR","frame":[{"duration":2,"tweenEasing":"NaN"}]}]},{"name":"fall","scale":3,"duration":2,"fadeInTime":0.3,"playTimes":0,"bone":[{"name":"armUpperL","frame":[{"duration":2,"tweenEasing":"NaN","transform":{"x":3.88,"y":2.23,"skX":-26.0052,"skY":-26.0052}}]},{"name":"armL","frame":[{"duration":2,"tweenEasing":"NaN","transform":{"x":0.61,"y":0.69,"skX":81.4973,"skY":81.4973}}]},{"name":"handL","frame":[{"duration":2,"tweenEasing":"NaN","transform":{"x":-0.46,"skX":-75.0001,"skY":-75.0001}}]},{"name":"legL","frame":[{"duration":2,"tweenEasing":"NaN","transform":{"x":-6.03,"y":9.17,"skX":-49.7339,"skY":-55.9526,"scX":0.9997,"scY":0.9988}}]},{"name":"tailM","offset":0.3,"frame":[{"tweenEasing":2,"transform":{"x":1.93,"y":0.18,"skX":-3.0882,"skY":30.7992,"scX":0.9832,"scY":0.9991}},{"tweenEasing":2,"transform":{"x":2.46,"y":-0.13,"skX":-11.7509,"skY":22.1361,"scX":0.9833,"scY":0.9991}}]},{"name":"tail","frame":[{"tweenEasing":2,"transform":{"x":-2.44,"y":-1.14,"skX":4.0762,"skY":3.8615,"scX":1.0252,"scY":0.9727}},{"tweenEasing":2,"transform":{"x":-2.44,"y":-1.14,"skX":11.5653,"skY":11.3502,"scX":1.0252,"scY":0.9727}}]},{"name":"body","frame":[{"duration":2,"tweenEasing":"NaN","transform":{}}]},{"name":"clothes","frame":[{"duration":2,"tweenEasing":"NaN","transform":{"x":-1.94,"y":-1.11}}]},{"name":"legR","frame":[{"duration":2,"tweenEasing":"NaN","transform":{"x":-0.14,"y":2.5,"skX":-29.8607,"skY":-45.9002,"scX":0.9983,"scY":0.9986}}]},{"name":"hair","offset":0.4,"frame":[{"tweenEasing":2,"transform":{"x":1.93,"y":-3.51,"skX":0.0008,"skY":7.3158,"scX":1.2053}},{"tweenEasing":2,"transform":{"x":1.93,"y":-3.51,"skX":0.0008,"skY":17.0506,"scX":1.2504}}]},{"name":"beardL","offset":0.2,"frame":[{"tweenEasing":2,"transform":{"x":-0.01,"y":0.03,"skX":-67.5068,"skY":-67.5068,"scX":0.9999,"scY":0.9999}},{"tweenEasing":2,"transform":{"x":-0.01,"y":0.03,"skX":-82.5056,"skY":-82.5056}}]},{"name":"head","frame":[{"duration":2,"tweenEasing":"NaN","transform":{"x":-2.62,"y":-5.06,"skX":14.9982,"skY":14.9982}}]},{"name":"beardR","offset":0.3,"frame":[{"tweenEasing":2,"transform":{"x":-0.88,"y":1.26,"skX":45.0013,"skY":45.0013}},{"tweenEasing":2,"transform":{"x":-0.88,"y":1.26,"skX":59.9996,"skY":59.9996}}]},{"name":"eyeR","frame":[{"duration":2,"tweenEasing":"NaN","transform":{"x":0.39,"y":0.32,"skX":0.0008,"skY":0.0008}}]},{"name":"eyeL","frame":[{"duration":2,"tweenEasing":"NaN","transform":{"x":0.69,"y":-0.1,"skX":0.0016,"skY":0.0016}}]},{"name":"armUpperR","frame":[{"duration":2,"tweenEasing":"NaN","transform":{"x":6.05,"y":-0.66,"skX":30.0009,"skY":30.0009}}]},{"name":"armR","frame":[{"duration":2,"tweenEasing":"NaN","transform":{"x":0.06,"y":1.86,"skX":44.9995,"skY":44.9995}}]},{"name":"handR","frame":[{"duration":2,"tweenEasing":"NaN","transform":{"x":-1.24,"y":-0.58,"skX":0.0004,"skY":0.0004}}]}],"slot":[{"name":"armUpperL","frame":[{"duration":2,"tweenEasing":"NaN"}]},{"name":"armL","frame":[{"duration":2,"tweenEasing":"NaN"}]},{"name":"handL","frame":[{"duration":2,"tweenEasing":"NaN"}]},{"name":"legL","frame":[{"duration":2,"tweenEasing":"NaN"}]},{"name":"tailM","frame":[{"duration":2,"tweenEasing":"NaN"}]},{"name":"tail","frame":[{"duration":2,"tweenEasing":"NaN"}]},{"name":"body","frame":[{"duration":2,"tweenEasing":"NaN"}]},{"name":"clothes","frame":[{"duration":2,"tweenEasing":"NaN"}]},{"name":"legR","frame":[{"duration":2,"tweenEasing":"NaN"}]},{"name":"hair","frame":[{"duration":2,"tweenEasing":"NaN"}]},{"name":"beardL","frame":[{"duration":2,"tweenEasing":"NaN"}]},{"name":"head","frame":[{"duration":2,"tweenEasing":"NaN"}]},{"name":"beardR","frame":[{"duration":2,"tweenEasing":"NaN"}]},{"name":"eyeR","frame":[{"duration":2,"tweenEasing":"NaN"}]},{"name":"eyeL","frame":[{"duration":2,"tweenEasing":"NaN"}]},{"name":"armUpperR","frame":[{"duration":2,"tweenEasing":"NaN"}]},{"name":"armR","frame":[{"duration":2,"tweenEasing":"NaN"}]},{"name":"handR","frame":[{"duration":2,"tweenEasing":"NaN"}]}]},{"name":"fallEnd","frame":[{"duration":4}],"duration":5,"fadeInTime":0.13333333333333333,"bone":[{"name":"armUpperL","frame":[{"duration":5,"tweenEasing":"NaN","transform":{"x":-3.24,"y":1.56,"skX":-48.6535,"skY":-48.6535}}]},{"name":"armL","frame":[{"duration":5,"tweenEasing":"NaN","transform":{"x":0.58,"y":0.69,"skX":36.4962,"skY":36.4962}}]},{"name":"handL","frame":[{"duration":5,"tweenEasing":"NaN","transform":{"x":-0.47,"y":-0.02,"skX":-74.9984,"skY":-74.9984}}]},{"name":"legL","frame":[{"duration":5,"tweenEasing":"NaN","transform":{"x":15.41,"y":10.64,"skX":-22.6477,"skY":-22.6477}}]},{"name":"tailM","frame":[{"duration":5,"tweenEasing":"NaN","transform":{"x":1.1,"y":-1.51,"skX":-25.2834,"skY":-35.2573,"scX":0.9849}}]},{"name":"tail","frame":[{"duration":5,"tweenEasing":"NaN","transform":{"x":0.62,"y":-5.46,"skX":-60.8042,"skY":-61.0175,"scX":1.0251,"scY":0.9727}}]},{"name":"body","frame":[{"duration":5,"tweenEasing":"NaN","transform":{"x":0.5,"y":8.5,"skX":21.4289,"skY":22.6483,"scX":0.8314,"scY":0.9995}}]},{"name":"clothes","frame":[{"duration":5,"tweenEasing":"NaN","transform":{"x":-4.62,"y":-1.87,"skX":0.5629,"skY":0.5629}}]},{"name":"legR","frame":[{"duration":5,"tweenEasing":"NaN","transform":{"x":-6.62,"y":2.27,"skX":-37.6473,"skY":-37.6481,"scY":0.8778}}]},{"name":"hair","frame":[{"duration":5,"tweenEasing":"NaN","transform":{"x":-0.06,"y":-5,"skX":0.0004,"skY":23.6449,"scX":1.305}}]},{"name":"beardL","frame":[{"duration":5,"tweenEasing":"NaN","transform":{"x":0.03,"y":-0.01,"skX":-82.5061,"skY":-82.5061,"scX":0.9999,"scY":0.9999}}]},{"name":"head","frame":[{"duration":5,"tweenEasing":"NaN","transform":{"x":-7.73,"y":-16.79,"skX":-18.0947,"skY":-18.0947}}]},{"name":"beardR","frame":[{"duration":5,"tweenEasing":"NaN","transform":{"x":-0.85,"y":1.21,"skX":55.4412,"skY":55.4412}}]},{"name":"eyeR","frame":[{"duration":5,"tweenEasing":"NaN","transform":{"x":0.42,"y":0.29,"skX":0.0004,"skY":0.0004}}]},{"name":"eyeL","frame":[{"duration":5,"tweenEasing":"NaN","transform":{"x":0.74,"y":-0.12,"skX":0.0004,"skY":0.0012}}]},{"name":"armUpperR","frame":[{"duration":5,"tweenEasing":"NaN","transform":{"x":-8.24,"y":-1.3,"skX":-112.6475,"skY":-112.6475,"scX":0.9999,"scY":0.9999}}]},{"name":"armR","frame":[{"duration":5,"tweenEasing":"NaN","transform":{"x":0.05,"y":1.81,"skX":44.9999,"skY":44.9998}}]},{"name":"handR","frame":[{"duration":5,"tweenEasing":"NaN","transform":{"x":-1.24,"y":-0.52,"skX":0.0007,"skY":-0.0001,"scY":0.9999}}]}],"slot":[{"name":"armUpperL","frame":[{"duration":5,"tweenEasing":"NaN"}]},{"name":"armL","frame":[{"duration":5,"tweenEasing":"NaN"}]},{"name":"handL","frame":[{"duration":5,"tweenEasing":"NaN"}]},{"name":"legL","frame":[{"duration":5,"tweenEasing":"NaN"}]},{"name":"tailM","frame":[{"duration":5,"tweenEasing":"NaN"}]},{"name":"tail","frame":[{"duration":5,"tweenEasing":"NaN"}]},{"name":"body","frame":[{"duration":5,"tweenEasing":"NaN"}]},{"name":"clothes","frame":[{"duration":5,"tweenEasing":"NaN"}]},{"name":"legR","frame":[{"duration":5,"tweenEasing":"NaN"}]},{"name":"hair","frame":[{"duration":5,"tweenEasing":"NaN"}]},{"name":"beardL","frame":[{"duration":5,"tweenEasing":"NaN"}]},{"name":"head","frame":[{"duration":5,"tweenEasing":"NaN"}]},{"name":"beardR","frame":[{"duration":5,"tweenEasing":"NaN"}]},{"name":"eyeR","frame":[{"duration":5,"tweenEasing":"NaN"}]},{"name":"eyeL","frame":[{"duration":5,"tweenEasing":"NaN"}]},{"name":"armUpperR","frame":[{"duration":5,"tweenEasing":"NaN"}]},{"name":"armR","frame":[{"duration":5,"tweenEasing":"NaN"}]},{"name":"handR","frame":[{"duration":5,"tweenEasing":"NaN"}]}]}]},{"name":"DragonBoyClothes","bone":[{"name":"body","inheritScale":false,"transform":{"scX":-1}},{"name":"clothes","inheritScale":false,"transform":{"x":32,"y":-56.5,"scX":-1}}],"slot":[{"name":"body","parent":"body"},{"name":"clothes","parent":"clothes"}],"skin":[{"slot":[{"name":"body","display":[{"name":"DragonBoyFolder/body","transform":{"x":2.75,"y":-21.75}}]},{"name":"clothes","display":[{"name":"DragonBoyFolder/clothes4","transform":{"x":26,"y":21.75}},{"name":"DragonBoyFolder/clothes3","transform":{"x":26,"y":21.75}},{"name":"DragonBoyFolder/clothes2","transform":{"x":26,"y":21.75}},{"name":"DragonBoyFolder/clothes1","transform":{"x":26,"y":21.75}}]}]}],"animation":[{"name":"pose","duration":4,"bone":[{"name":"body","frame":[{"duration":4,"tweenEasing":"NaN","transform":{}}]},{"name":"clothes","frame":[{"duration":4,"tweenEasing":"NaN","transform":{}}]}],"slot":[{"name":"body","frame":[{"duration":4,"tweenEasing":"NaN"}]},{"name":"clothes","frame":[{"tweenEasing":"NaN"},{"tweenEasing":"NaN","displayIndex":1},{"tweenEasing":"NaN","displayIndex":2},{"tweenEasing":"NaN","displayIndex":3}]}]}]}]}