{
    "imagePath": "texture.png",
    "name": "Ubbie",
    "SubTexture": [
        {
            "width": 259,
            "y": 579,
            "height": 59,
            "name": "shade",
            "x": 225
        },
        {
            "width": 347,
            "y": 366,
            "height": 211,
            "name": "pifeng",
            "x": 462
        },
        {
            "width": 79,
            "y": 162,
            "height": 177,
            "name": "hand_r1",
            "x": 913
        },
        {
            "width": 135,
            "y": 425,
            "height": 78,
            "name": "hand_r2",
            "x": 225
        },
        {
            "width": 80,
            "y": 621,
            "height": 123,
            "name": "hand_l11",
            "x": 1
        },
        {
            "width": 76,
            "y": 621,
            "height": 121,
            "name": "hand_l22",
            "x": 83
        },
        {
            "width": 114,
            "y": 1,
            "height": 159,
            "name": "leg_r",
            "x": 898
        },
        {
            "width": 115,
            "y": 366,
            "height": 153,
            "name": "leg_l",
            "x": 811
        },
        {
            "width": 222,
            "y": 425,
            "height": 194,
            "name": "body",
            "x": 1
        },
        {
            "width": 80,
            "y": 341,
            "height": 123,
            "name": "hand_l1",
            "x": 928
        },
        {
            "width": 459,
            "y": 1,
            "height": 422,
            "name": "head_2",
            "x": 1
        },
        {
            "width": 76,
            "y": 579,
            "height": 121,
            "name": "hand_l2",
            "x": 486
        },
        {
            "width": 449,
            "y": 199,
            "height": 165,
            "name": "eye_hmj",
            "x": 462
        },
        {
            "width": 199,
            "y": 505,
            "height": 50,
            "name": "eye",
            "x": 225
        },
        {
            "width": 207,
            "y": 640,
            "height": 38,
            "name": "eye2",
            "x": 564
        },
        {
            "width": 58,
            "y": 466,
            "height": 34,
            "name": "mouth",
            "x": 928
        },
        {
            "width": 144,
            "y": 521,
            "height": 120,
            "name": "apple_",
            "x": 811
        },
        {
            "name": "logo24",
            
            "x": 462,
            "y": 1,
            "width": 434,
            "height": 196,

            "frameX": -5,
            "frameY": -10,
            "frameWidth": 448,
            "frameHeight": 214
        }
    ]
}